Type,Word,Position,Original,Diacritized,Syllable_Pattern,Syllable_Index,Syllable_Role,Phonology_Rules,IPA,X-SAMPA,Status,Failed_Layers
WORD,تابعنا,-,تابعنا,تَابَعَنَا,CVV.CV.CV.CVV,-,-,-,[tʕ]َuːbَʔَ[n~]َuː,[tʕ]َu:bَʔَ[n~]َu:,success,-
CHAR,تابعنا,1-initial,ت,تَ,-,1,onset,-,bَ,bَ,-,-
CHAR,تابعنا,2-medial,ا,ا,-,1,nucleus,-,bَ,bَ,-,-
CHAR,تابعنا,3-medial,ب,بَ,-,1,onset,-,bَ,bَ,-,-
CHAR,تابعنا,4-medial,ع,عَ,-,2,onset,-,ʔَ,ʔَ,-,-
CHAR,تابعنا,5-medial,ن,نَ,-,2,onset,-,ʔَ,ʔَ,-,-
CHAR,تابعنا,6-final,ا,ا,-,3,nucleus,-,[n~]َuː,[n~]َu:,-,-
WORD,على,-,على,عَلَى,CV.CVC,-,-,-,[ʕ]َ[l~]َuː,[ʕ]َ[l~]َu:,success,-
CHAR,على,1-initial,ع,عَ,-,1,onset,-,[l~]َuː,[l~]َu:,-,-
CHAR,على,2-medial,ل,لَ,-,1,onset,-,[l~]َuː,[l~]َu:,-,-
CHAR,على,3-final,ى,ى,-,2,unknown,-,uː,u:,-,-
WORD,الإسكندرية,-,الإسكندرية,الإسكندرية,UNKNOWN(CCCCCCCCCC),-,-,-,uː[l][ʔ][sʕ][k][n][d][ɾ]ejæ,u:[l][ʔ][sʕ][k][n][d][ɾ]ejæ,error,"diac,syl"
CHAR,الإسكندرية,1-initial,ا,ا,-,1,unknown,-,uː,u:,-,-
CHAR,الإسكندرية,2-medial,ل,ل,-,1,unknown,-,l,l,-,-
CHAR,الإسكندرية,3-medial,إ,إ,-,1,unknown,-,ʔ,ʔ,-,-
CHAR,الإسكندرية,4-medial,س,س,-,1,unknown,-,s,s,-,-
CHAR,الإسكندرية,5-medial,ك,ك,-,1,unknown,-,k,k,-,-
CHAR,الإسكندرية,6-medial,ن,ن,-,1,unknown,-,n,n,-,-
CHAR,الإسكندرية,7-medial,د,د,-,1,unknown,-,d,d,-,-
CHAR,الإسكندرية,8-medial,ر,ر,-,1,unknown,-,ɾ,ɾ,-,-
CHAR,الإسكندرية,9-medial,ي,ي,-,1,unknown,-,ej,ej,-,-
CHAR,الإسكندرية,10-final,ة,ة,-,1,unknown,-,æ,æ,-,-
WORD,محمد,-,محمد,مُحَمَّدٌ,CV.CV.CVC,-,-,gemination,[m]ُ[h]َ[m]َّ[d]ٌ,[m]ُ[h]َ[m]َّ[d]ٌ,success,-
CHAR,محمد,1-initial,م,مُ,-,1,onset,gemination,[h]َ,[h]َ,-,-
CHAR,محمد,2-medial,ح,حَ,-,1,onset,gemination,[h]َ,[h]َ,-,-
CHAR,محمد,3-medial,م,مُ,-,2,onset,gemination,[m]َّ[d]ٌ,[m]َّ[d]ٌ,-,-
CHAR,محمد,4-final,د,دٌ,-,2,coda,gemination,[m]َّ[d]ٌ,[m]َّ[d]ٌ,-,-
WORD,عامر,-,عامر,عَامِرٌ,CVV.CVC,-,-,-,[ʕ]َuː[m]ِ∅ٌ,[ʕ]َu:[m]ِ∅ٌ,success,-
CHAR,عامر,1-initial,ع,عَ,-,1,onset,-,[m]ِ∅ٌ,[m]ِ∅ٌ,-,-
CHAR,عامر,2-medial,ا,ا,-,1,nucleus,-,[m]ِ∅ٌ,[m]ِ∅ٌ,-,-
CHAR,عامر,3-medial,م,مِ,-,1,onset,-,[m]ِ∅ٌ,[m]ِ∅ٌ,-,-
CHAR,عامر,4-final,ر,رٌ,-,2,unknown,-,ɾ,ɾ,-,-
WORD,ومحمد,-,ومحمد,وَمُحَمَّدٌ,CV.CV.CV.CVC,-,-,gemination,ewَ[m]ُ[h]َ[m]َّ[d]ٌ,ewَ[m]ُ[h]َ[m]َّ[d]ٌ,success,-
CHAR,ومحمد,1-initial,و,وَ,-,1,onset,gemination,[m]ُ,[m]ُ,-,-
CHAR,ومحمد,2-medial,م,مُ,-,1,onset,gemination,[m]ُ,[m]ُ,-,-
CHAR,ومحمد,3-medial,ح,حَ,-,2,onset,gemination,[h]َ,[h]َ,-,-
CHAR,ومحمد,4-medial,م,مُ,-,2,onset,gemination,[h]َ,[h]َ,-,-
CHAR,ومحمد,5-final,د,دٌ,-,3,coda,gemination,[m]َّ[d]ٌ,[m]َّ[d]ٌ,-,-
WORD,البدري,-,البدري,الْبَدْرِيُّ,CC.UNKNOWN(CVCCVVV),-,-,gemination,uː[l]ْ[b]َ[d]ْ∅ِejُّ,u:[l]ْ[b]َ[d]ْ∅ِejُّ,warning,syl
CHAR,البدري,1-initial,ا,ا,-,1,nucleus,gemination,[b]َ[d]ْ∅ِejُّ,[b]َ[d]ْ∅ِejُّ,-,-
CHAR,البدري,2-medial,ل,لْ,-,1,onset,gemination,[b]َ[d]ْ∅ِejُّ,[b]َ[d]ْ∅ِejُّ,-,-
CHAR,البدري,3-medial,ب,بَ,-,1,onset,gemination,[b]َ[d]ْ∅ِejُّ,[b]َ[d]ْ∅ِejُّ,-,-
CHAR,البدري,4-medial,د,دْ,-,2,unknown,gemination,d,d,-,-
CHAR,البدري,5-medial,ر,رِ,-,2,unknown,gemination,ɾ,ɾ,-,-
CHAR,البدري,6-final,ي,يُّ,-,2,unknown,gemination,ej,ej,-,-
WORD,أعلنت,-,أعلنت,أَعْلَنَتْ,CV.CCV.CVC,-,-,-,[ʔ]َʔْ[l]َ[n~]َ[t]ْ,[ʔ]َʔْ[l]َ[n~]َ[t]ْ,success,-
CHAR,أعلنت,1-initial,أ,أَ,-,1,nucleus,-,ʔْ[l]َ,ʔْ[l]َ,-,-
CHAR,أعلنت,2-medial,ع,عْ,-,1,onset,-,ʔْ[l]َ,ʔْ[l]َ,-,-
CHAR,أعلنت,3-medial,ل,لَ,-,2,onset,-,[n~]َ[t]ْ,[n~]َ[t]ْ,-,-
CHAR,أعلنت,4-medial,ن,نَ,-,2,onset,-,[n~]َ[t]ْ,[n~]َ[t]ْ,-,-
CHAR,أعلنت,5-final,ت,تْ,-,2,coda,-,[n~]َ[t]ْ,[n~]َ[t]ْ,-,-
WORD,الشركة,-,الشركة,الشَّرِكَةُ,CC.CV.CV.CV.CV,-,-,sun_letters;gemination,uː[l][ʃ]َّ[ɾ]ِ[k͡x]َ[æ]ُ,u:[l][S]َّ[ɾ]ِ[k͡x]َ[æ]ُ,success,-
CHAR,الشركة,1-initial,ا,ا,-,1,nucleus,sun_letters;gemination,[ʃ]َّ,[S]َّ,-,-
CHAR,الشركة,2-medial,ل,ل,-,1,onset,sun_letters;gemination,[ʃ]َّ,[S]َّ,-,-
CHAR,الشركة,3-medial,ش,شَّ,-,2,onset,sun_letters;gemination,[ɾ]ِ,[ɾ]ِ,-,-
CHAR,الشركة,4-medial,ر,رِ,-,2,onset,sun_letters;gemination,[ɾ]ِ,[ɾ]ِ,-,-
CHAR,الشركة,5-medial,ك,كَ,-,2,onset,sun_letters;gemination,[ɾ]ِ,[ɾ]ِ,-,-
CHAR,الشركة,6-final,ة,ةُ,-,3,nucleus,sun_letters;gemination,[k͡x]َ,[k͡x]َ,-,-
WORD,الوطنية,-,الوطنية,الْوَطَنِيَّةُ,CC.CV.CV.UNKNOWN(CVVV).CV,-,-,emphatic_spread;gemination,uː[l]ْowَ[tʕ]َ[n]ِejَّ[æ]ُ,u:[l]ْowَ[tʕ]َ[n]ِejَّ[æ]ُ,warning,syl
CHAR,الوطنية,1-initial,ا,ا,-,1,nucleus,emphatic_spread;gemination,owَ,owَ,-,-
CHAR,الوطنية,2-medial,ل,لْ,-,1,onset,emphatic_spread;gemination,owَ,owَ,-,-
CHAR,الوطنية,3-medial,و,وَ,-,1,onset,emphatic_spread;gemination,owَ,owَ,-,-
CHAR,الوطنية,4-medial,ط,طَ,-,2,onset,emphatic_spread;gemination,[tʕ]َ,[tʕ]َ,-,-
CHAR,الوطنية,5-medial,ن,نِ,-,2,onset,emphatic_spread;gemination,[tʕ]َ,[tʕ]َ,-,-
CHAR,الوطنية,6-medial,ي,يَّ,-,3,coda,emphatic_spread;gemination,[n]ِejَّ,[n]ِejَّ,-,-
CHAR,الوطنية,7-final,ة,ةُ,-,3,nucleus,emphatic_spread;gemination,[n]ِejَّ,[n]ِejَّ,-,-
WORD,للغاز,-,للغاز,لِلْغَازُ,UNKNOWN(CVCCVV).CV,-,-,sun_letters,[l]ِ[l]ْ[ʁ]َuːðُ,[l]ِ[l]ْ[X]َu:Dُ,warning,syl
CHAR,للغاز,1-initial,ل,لِ,-,1,onset,sun_letters,ðُ,Dُ,-,-
CHAR,للغاز,2-medial,ل,لِ,-,1,onset,sun_letters,ðُ,Dُ,-,-
CHAR,للغاز,3-medial,غ,غَ,-,1,onset,sun_letters,ðُ,Dُ,-,-
CHAR,للغاز,4-medial,ا,ا,-,1,nucleus,sun_letters,ðُ,Dُ,-,-
CHAR,للغاز,5-final,ز,زُ,-,1,onset,sun_letters,ðُ,Dُ,-,-
WORD,الطبيعي,-,الطبيعي,الطَّبِيعِيُّ,CC.CV.CVV.UNKNOWN(CVVV),-,-,emphatic_spread;sun_letters;gemination,uː[l][tʕ]َّbِej[ʕ]ِejُّ,u:[l][tʕ]َّbِej[ʕ]ِejُّ,warning,syl
CHAR,الطبيعي,1-initial,ا,ا,-,1,nucleus,emphatic_spread;sun_letters;gemination,[tʕ]َّ,[tʕ]َّ,-,-
CHAR,الطبيعي,2-medial,ل,ل,-,1,onset,emphatic_spread;sun_letters;gemination,[tʕ]َّ,[tʕ]َّ,-,-
CHAR,الطبيعي,3-medial,ط,طَّ,-,2,onset,emphatic_spread;sun_letters;gemination,bِej,bِej,-,-
CHAR,الطبيعي,4-medial,ب,بِ,-,2,onset,emphatic_spread;sun_letters;gemination,bِej,bِej,-,-
CHAR,الطبيعي,5-medial,ي,ي,-,2,onset,emphatic_spread;sun_letters;gemination,bِej,bِej,-,-
CHAR,الطبيعي,6-medial,ع,عِ,-,3,onset,emphatic_spread;sun_letters;gemination,[ʕ]ِejُّ,[ʕ]ِejُّ,-,-
CHAR,الطبيعي,7-final,ي,ي,-,3,coda,emphatic_spread;sun_letters;gemination,[ʕ]ِejُّ,[ʕ]ِejُّ,-,-
WORD,ناتجاس,-,ناتجاس,ناتجاس,UNKNOWN,-,-,-,,,error,"diac,syl,ipa"
CHAR,ناتجاس,1-initial,ن,ن,-,0,unknown,-,n,n,-,-
CHAR,ناتجاس,2-medial,ا,ا,-,0,unknown,-,uː,u:,-,-
CHAR,ناتجاس,3-medial,ت,ت,-,0,unknown,-,t,t,-,-
CHAR,ناتجاس,4-medial,ج,ج,-,0,unknown,-,g,g,-,-
CHAR,ناتجاس,5-medial,ا,ا,-,0,unknown,-,uː,u:,-,-
CHAR,ناتجاس,6-final,س,س,-,0,unknown,-,s,s,-,-
WORD,ملء,-,ملء,مِلْءٌ,CVC,-,-,-,[m]ِ[l]ْʔٌ,[m]ِ[l]ْʔٌ,success,-
CHAR,ملء,1-initial,م,مِ,-,1,unknown,-,m,m,-,-
CHAR,ملء,2-medial,ل,لْ,-,1,unknown,-,l,l,-,-
CHAR,ملء,3-final,ء,ءٌ,-,1,unknown,-,ʔ,ʔ,-,-
WORD,الخزان,-,الخزان,الْخَزَّانُ,CC.CV.CVV.CV,-,-,gemination,uː[l]ْ[x]َzَّuː[n~]ُ,u:[l]ْ[x]َzَّu:[n~]ُ,success,-
CHAR,الخزان,1-initial,ا,ا,-,1,nucleus,gemination,[x]َ,[x]َ,-,-
CHAR,الخزان,2-medial,ل,لْ,-,1,onset,gemination,[x]َ,[x]َ,-,-
CHAR,الخزان,3-medial,خ,خَ,-,1,onset,gemination,[x]َ,[x]َ,-,-
CHAR,الخزان,4-medial,ز,زَّ,-,2,onset,gemination,zَّuː,zَّu:,-,-
CHAR,الخزان,5-medial,ا,ا,-,2,nucleus,gemination,zَّuː,zَّu:,-,-
CHAR,الخزان,6-final,ن,نُ,-,3,onset,gemination,[n~]ُ,[n~]ُ,-,-
WORD,الرئيسي,-,الرئيسي,الرَّئِيسِيُّ,CC.CV.CVV.UNKNOWN(CVVV),-,-,sun_letters;gemination,uː[l][ɾ]َّʔِej[s]ِejُّ,u:[l][ɾ]َّʔِej[s]ِejُّ,warning,syl
CHAR,الرئيسي,1-initial,ا,ا,-,1,nucleus,sun_letters;gemination,[ɾ]َّ,[ɾ]َّ,-,-
CHAR,الرئيسي,2-medial,ل,ل,-,1,onset,sun_letters;gemination,[ɾ]َّ,[ɾ]َّ,-,-
CHAR,الرئيسي,3-medial,ر,رَّ,-,2,onset,sun_letters;gemination,ʔِej,ʔِej,-,-
CHAR,الرئيسي,4-medial,ئ,ئِ,-,2,nucleus,sun_letters;gemination,ʔِej,ʔِej,-,-
CHAR,الرئيسي,5-medial,ي,ي,-,2,onset,sun_letters;gemination,ʔِej,ʔِej,-,-
CHAR,الرئيسي,6-medial,س,سِ,-,3,onset,sun_letters;gemination,[s]ِejُّ,[s]ِejُّ,-,-
CHAR,الرئيسي,7-final,ي,ي,-,3,coda,sun_letters;gemination,[s]ِejُّ,[s]ِejُّ,-,-
WORD,للغاز,-,للغاز,لِلْغَازُ,UNKNOWN(CVCCVV).CV,-,-,sun_letters,[l]ِ[l]ْ[ʁ]َuːðُ,[l]ِ[l]ْ[X]َu:Dُ,warning,syl
CHAR,للغاز,1-initial,ل,لِ,-,1,onset,sun_letters,ðُ,Dُ,-,-
CHAR,للغاز,2-medial,ل,لِ,-,1,onset,sun_letters,ðُ,Dُ,-,-
CHAR,للغاز,3-medial,غ,غَ,-,1,onset,sun_letters,ðُ,Dُ,-,-
CHAR,للغاز,4-medial,ا,ا,-,1,nucleus,sun_letters,ðُ,Dُ,-,-
CHAR,للغاز,5-final,ز,زُ,-,1,onset,sun_letters,ðُ,Dُ,-,-
WORD,بمحطة,-,بمحطة,بِمَحَطَّةٍ,CV.CV.CV.CVC,-,-,emphatic_spread;gemination,[b]ِ[m]َ[h]َ[tʕ]َّ[æ]ٍ,[b]ِ[m]َ[h]َ[tʕ]َّ[æ]ٍ,success,-
CHAR,بمحطة,1-initial,ب,بِ,-,1,onset,emphatic_spread;gemination,[m]َ,[m]َ,-,-
CHAR,بمحطة,2-medial,م,مَ,-,1,onset,emphatic_spread;gemination,[m]َ,[m]َ,-,-
CHAR,بمحطة,3-medial,ح,حَ,-,2,onset,emphatic_spread;gemination,[h]َ,[h]َ,-,-
CHAR,بمحطة,4-medial,ط,طَّ,-,2,onset,emphatic_spread;gemination,[h]َ,[h]َ,-,-
CHAR,بمحطة,5-final,ة,ةٍ,-,3,nucleus,emphatic_spread;gemination,[tʕ]َّ[æ]ٍ,[tʕ]َّ[æ]ٍ,-,-
WORD,تخفيض,-,تخفيض,تَخْفِيضٌ,UNKNOWN(CVCCVVC),-,-,emphatic_spread,[tʕ]َ[x]ْ[f]ِej[dʕ]ٌ,[tʕ]َ[x]ْ[f]ِej[dʕ]ٌ,warning,syl
CHAR,تخفيض,1-initial,ت,تَ,-,1,unknown,emphatic_spread,t,t,-,-
CHAR,تخفيض,2-medial,خ,خْ,-,1,unknown,emphatic_spread,x,x,-,-
CHAR,تخفيض,3-medial,ف,فِ,-,1,unknown,emphatic_spread,f,f,-,-
CHAR,تخفيض,4-medial,ي,ي,-,1,unknown,emphatic_spread,ej,ej,-,-
CHAR,تخفيض,5-final,ض,ضٌ,-,1,unknown,emphatic_spread,dʕ,dʕ,-,-
WORD,الضغط,-,الضغط,الضَّغْطُ,CC.CV.CCV,-,-,emphatic_spread;sun_letters;gemination,uː[l]dʕَّ[ɣ]ْ[tʕ]ُ,u:[l]dʕَّ[ɣ]ْ[tʕ]ُ,success,-
CHAR,الضغط,1-initial,ا,ا,-,1,nucleus,emphatic_spread;sun_letters;gemination,dʕَّ,dʕَّ,-,-
CHAR,الضغط,2-medial,ل,ل,-,1,onset,emphatic_spread;sun_letters;gemination,dʕَّ,dʕَّ,-,-
CHAR,الضغط,3-medial,ض,ضَّ,-,2,onset,emphatic_spread;sun_letters;gemination,[ɣ]ْ[tʕ]ُ,[ɣ]ْ[tʕ]ُ,-,-
CHAR,الضغط,4-medial,غ,غْ,-,2,onset,emphatic_spread;sun_letters;gemination,[ɣ]ْ[tʕ]ُ,[ɣ]ْ[tʕ]ُ,-,-
CHAR,الضغط,5-final,ط,طُ,-,2,coda,emphatic_spread;sun_letters;gemination,[ɣ]ْ[tʕ]ُ,[ɣ]ْ[tʕ]ُ,-,-
WORD,والواقعة,-,والواقعة,وَالْوَاقِعَةُ,UNKNOWN(CVVCCVV).CV.CV.CV,-,-,emphatic_spread,ewَuː[l]ْewَuː[ʔ]ِʔَ[æ]ُ,ewَu:[l]ْewَu:[ʔ]ِʔَ[æ]ُ,warning,syl
CHAR,والواقعة,1-initial,و,وَ,-,1,onset,emphatic_spread,[ʔ]ِ,[ʔ]ِ,-,-
CHAR,والواقعة,2-medial,ا,ا,-,1,nucleus,emphatic_spread,[ʔ]ِ,[ʔ]ِ,-,-
CHAR,والواقعة,3-medial,ل,لْ,-,1,onset,emphatic_spread,[ʔ]ِ,[ʔ]ِ,-,-
CHAR,والواقعة,4-medial,و,وَ,-,1,onset,emphatic_spread,[ʔ]ِ,[ʔ]ِ,-,-
CHAR,والواقعة,5-medial,ا,ا,-,1,nucleus,emphatic_spread,[ʔ]ِ,[ʔ]ِ,-,-
CHAR,والواقعة,6-medial,ق,قِ,-,1,onset,emphatic_spread,[ʔ]ِ,[ʔ]ِ,-,-
CHAR,والواقعة,7-medial,ع,عَ,-,1,onset,emphatic_spread,[ʔ]ِ,[ʔ]ِ,-,-
CHAR,والواقعة,8-final,ة,ةُ,-,1,nucleus,emphatic_spread,[ʔ]ِ,[ʔ]ِ,-,-
WORD,بعد,-,بعد,بَعْد,CVCC,-,-,-,[b]َ[ʕ]ْ[d],[b]َ[ʕ]ْ[d],success,-
CHAR,بعد,1-initial,ب,بَ,-,1,unknown,-,b,b,-,-
CHAR,بعد,2-medial,ع,عْ,-,1,unknown,-,ʕ,ʕ,-,-
CHAR,بعد,3-final,د,د,-,1,unknown,-,d,d,-,-
WORD,مزلقان,-,مزلقان,مِزْلَقَانِ,CV.CCV.CVV.CV,-,-,emphatic_spread,[m]ِzْ[l]َ[ʔ]َuː[n~]ِ,[m]ِzْ[l]َ[ʔ]َu:[n~]ِ,success,-
CHAR,مزلقان,1-initial,م,مِ,-,1,onset,emphatic_spread,zْ[l]َ,zْ[l]َ,-,-
CHAR,مزلقان,2-medial,ز,زْ,-,1,onset,emphatic_spread,zْ[l]َ,zْ[l]َ,-,-
CHAR,مزلقان,3-medial,ل,لَ,-,2,onset,emphatic_spread,[ʔ]َuː,[ʔ]َu:,-,-
CHAR,مزلقان,4-medial,ق,قَ,-,2,onset,emphatic_spread,[ʔ]َuː,[ʔ]َu:,-,-
CHAR,مزلقان,5-medial,ا,ا,-,2,nucleus,emphatic_spread,[ʔ]َuː,[ʔ]َu:,-,-
CHAR,مزلقان,6-final,ن,نِ,-,2,onset,emphatic_spread,[ʔ]َuː,[ʔ]َu:,-,-
WORD,بهيج,-,بهيج,بَهِيجٌ,CV.CVVC,-,-,-,[b]َ∅ِejʒٌ,[b]َ∅ِejZٌ,success,-
CHAR,بهيج,1-initial,ب,بَ,-,1,onset,-,∅ِejʒٌ,∅ِejZٌ,-,-
CHAR,بهيج,2-medial,ه,هِ,-,1,onset,-,∅ِejʒٌ,∅ِejZٌ,-,-
CHAR,بهيج,3-medial,ي,ي,-,2,unknown,-,ej,ej,-,-
CHAR,بهيج,4-final,ج,جٌ,-,2,unknown,-,g,g,-,-
WORD,ببرج,-,ببرج,بِبُرْجٍ,CV.CVC,-,-,-,[b]ِ[b]ُ∅ْʒٍ,[b]ِ[b]ُ∅ْZٍ,success,-
CHAR,ببرج,1-initial,ب,بِ,-,1,onset,-,[b]ُ∅ْʒٍ,[b]ُ∅ْZٍ,-,-
CHAR,ببرج,2-medial,ب,بِ,-,1,onset,-,[b]ُ∅ْʒٍ,[b]ُ∅ْZٍ,-,-
CHAR,ببرج,3-medial,ر,رْ,-,2,unknown,-,ɾ,ɾ,-,-
CHAR,ببرج,4-final,ج,جٍ,-,2,unknown,-,g,g,-,-
WORD,العرب,-,العرب,الْعَرَبُ,CC.CV.CV.CV,-,-,-,uː[l]ْʔَ[ɾ]َ[b]ُ,u:[l]ْʔَ[ɾ]َ[b]ُ,success,-
CHAR,العرب,1-initial,ا,ا,-,1,nucleus,-,ʔَ,ʔَ,-,-
CHAR,العرب,2-medial,ل,لْ,-,1,onset,-,ʔَ,ʔَ,-,-
CHAR,العرب,3-medial,ع,عَ,-,1,onset,-,ʔَ,ʔَ,-,-
CHAR,العرب,4-medial,ر,رَ,-,2,onset,-,[ɾ]َ,[ɾ]َ,-,-
CHAR,العرب,5-final,ب,بُ,-,2,onset,-,[ɾ]َ,[ɾ]َ,-,-
WORD,وذلك,-,وذلك,وذَلِك,CCV.CVC,-,-,-,ewdَ[l~]ِ[k],ewdَ[l~]ِ[k],success,-
CHAR,وذلك,1-initial,و,و,-,1,onset,-,[l~]ِ[k],[l~]ِ[k],-,-
CHAR,وذلك,2-medial,ذ,ذَ,-,1,onset,-,[l~]ِ[k],[l~]ِ[k],-,-
CHAR,وذلك,3-medial,ل,لِ,-,1,onset,-,[l~]ِ[k],[l~]ِ[k],-,-
CHAR,وذلك,4-final,ك,ك,-,2,unknown,-,k,k,-,-
WORD,بدءاً,-,بدءاً,بَدْءَا,UNKNOWN(CVCCVV),-,-,-,[b]َ[d]ْʔَuː,[b]َ[d]ْʔَu:,warning,syl
CHAR,بدءاً,1-initial,ب,بَ,-,1,unknown,-,b,b,-,-
CHAR,بدءاً,2-medial,د,دْ,-,1,unknown,-,d,d,-,-
CHAR,بدءاً,3-medial,ء,ءَ,-,1,unknown,-,ʔ,ʔ,-,-
CHAR,بدءاً,4-medial,ا,ا,-,1,unknown,-,uː,u:,-,-
CHAR,بدءاً,5-final,ً,ً,-,1,unknown,-,,,-,-
WORD,من,-,من,مِن,CVC,-,-,-,[m]ِ[n],[m]ِ[n],success,-
CHAR,من,1-initial,م,مِ,-,1,unknown,-,m,m,-,-
CHAR,من,2-final,ن,ن,-,1,unknown,-,n,n,-,-
WORD,الساعة,-,الساعة,السَّاعَةُ,CC.CVV.CV.CV,-,-,sun_letters;gemination,uː[l][s]َّuːʔَ[æ]ُ,u:[l][s]َّu:ʔَ[æ]ُ,success,-
CHAR,الساعة,1-initial,ا,ا,-,1,nucleus,sun_letters;gemination,[s]َّuː,[s]َّu:,-,-
CHAR,الساعة,2-medial,ل,ل,-,1,onset,sun_letters;gemination,[s]َّuː,[s]َّu:,-,-
CHAR,الساعة,3-medial,س,سَّ,-,2,onset,sun_letters;gemination,ʔَ,ʔَ,-,-
CHAR,الساعة,4-medial,ا,ا,-,2,nucleus,sun_letters;gemination,ʔَ,ʔَ,-,-
CHAR,الساعة,5-medial,ع,عَ,-,2,onset,sun_letters;gemination,ʔَ,ʔَ,-,-
CHAR,الساعة,6-final,ة,ةُ,-,2,nucleus,sun_letters;gemination,ʔَ,ʔَ,-,-
WORD,الثانية,-,الثانية,الثَّانِيَةُ,CC.CVV.UNKNOWN(CVVV).CV,-,-,sun_letters;gemination,uː[l]tَّuː[n]ِejَ[æ]ُ,u:[l]tَّu:[n]ِejَ[æ]ُ,warning,syl
CHAR,الثانية,1-initial,ا,ا,-,1,nucleus,sun_letters;gemination,tَّuː,tَّu:,-,-
CHAR,الثانية,2-medial,ل,ل,-,1,onset,sun_letters;gemination,tَّuː,tَّu:,-,-
CHAR,الثانية,3-medial,ث,ثَّ,-,2,onset,sun_letters;gemination,[n]ِejَ,[n]ِejَ,-,-
CHAR,الثانية,4-medial,ا,ا,-,2,nucleus,sun_letters;gemination,[n]ِejَ,[n]ِejَ,-,-
CHAR,الثانية,5-medial,ن,نِ,-,2,onset,sun_letters;gemination,[n]ِejَ,[n]ِejَ,-,-
CHAR,الثانية,6-medial,ي,يَ,-,2,coda,sun_letters;gemination,[n]ِejَ,[n]ِejَ,-,-
CHAR,الثانية,7-final,ة,ةُ,-,3,nucleus,sun_letters;gemination,[æ]ُ,[æ]ُ,-,-
WORD,عشر,-,عشر,عُشُرٌ,CV.CVC,-,-,-,[ʕ]ُ[ʃ]ُ∅ٌ,[ʕ]ُ[S]ُ∅ٌ,success,-
CHAR,عشر,1-initial,ع,عُ,-,1,onset,-,[ʃ]ُ∅ٌ,[S]ُ∅ٌ,-,-
CHAR,عشر,2-medial,ش,شُ,-,1,onset,-,[ʃ]ُ∅ٌ,[S]ُ∅ٌ,-,-
CHAR,عشر,3-final,ر,رٌ,-,2,unknown,-,ɾ,ɾ,-,-
WORD,غدًا,-,غدًا,غَدًا,CVC,-,-,-,[ʁ]َ[d]ًuː,[X]َ[d]ًu:,success,-
CHAR,غدًا,1-initial,غ,غَ,-,1,unknown,-,ɣ,ɣ,-,-
CHAR,غدًا,2-medial,د,دً,-,1,unknown,-,d,d,-,-
CHAR,غدًا,3-medial,ً,ً,-,1,unknown,-,,,-,-
CHAR,غدًا,4-final,ا,ا,-,1,unknown,-,uː,u:,-,-
WORD,ووفقاً,-,ووفقاً,وَوَفْقَا,UNKNOWN(CVVVCCVV),-,-,emphatic_spread,ewَewَ[f]ْ[ʔ]َuː,ewَewَ[f]ْ[ʔ]َu:,warning,syl
CHAR,ووفقاً,1-initial,و,وَ,-,1,unknown,emphatic_spread,ew,ew,-,-
CHAR,ووفقاً,2-medial,و,وَ,-,1,unknown,emphatic_spread,ew,ew,-,-
CHAR,ووفقاً,3-medial,ف,فْ,-,1,unknown,emphatic_spread,f,f,-,-
CHAR,ووفقاً,4-medial,ق,قَ,-,1,unknown,emphatic_spread,q,q,-,-
CHAR,ووفقاً,5-medial,ا,ا,-,1,unknown,emphatic_spread,uː,u:,-,-
CHAR,ووفقاً,6-final,ً,ً,-,1,unknown,emphatic_spread,,,-,-
WORD,لبيان,-,لبيان,لِبَيَانٌ,CV.UNKNOWN(CVVVVC),-,-,-,[l]ِ[b]َejَuː[n~]ٌ,[l]ِ[b]َejَu:[n~]ٌ,warning,syl
CHAR,لبيان,1-initial,ل,لِ,-,1,onset,-,[b]َejَuː[n~]ٌ,[b]َejَu:[n~]ٌ,-,-
CHAR,لبيان,2-medial,ب,بَ,-,1,onset,-,[b]َejَuː[n~]ٌ,[b]َejَu:[n~]ٌ,-,-
CHAR,لبيان,3-medial,ي,يَ,-,2,unknown,-,ej,ej,-,-
CHAR,لبيان,4-medial,ا,ا,-,2,unknown,-,uː,u:,-,-
CHAR,لبيان,5-final,ن,نٌ,-,2,unknown,-,n,n,-,-
WORD,صادر,-,صادر,صَادِرٌ,CVV.CVC,-,-,emphatic_spread,[sʕ]َuː[d]ِ∅ٌ,[sʕ]َu:[d]ِ∅ٌ,success,-
CHAR,صادر,1-initial,ص,صَ,-,1,onset,emphatic_spread,[d]ِ∅ٌ,[d]ِ∅ٌ,-,-
CHAR,صادر,2-medial,ا,ا,-,1,nucleus,emphatic_spread,[d]ِ∅ٌ,[d]ِ∅ٌ,-,-
CHAR,صادر,3-medial,د,دِ,-,1,onset,emphatic_spread,[d]ِ∅ٌ,[d]ِ∅ٌ,-,-
CHAR,صادر,4-final,ر,رٌ,-,2,unknown,emphatic_spread,ɾ,ɾ,-,-
WORD,عن,-,عن,عَن,CVC,-,-,-,[ʕ]َ[n],[ʕ]َ[n],success,-
CHAR,عن,1-initial,ع,عَ,-,1,unknown,-,ʕ,ʕ,-,-
CHAR,عن,2-final,ن,ن,-,1,unknown,-,n,n,-,-
WORD,محافظة,-,محافظة,مُحَافَظَةٌ,CV.CVV.CV.CVC,-,-,emphatic_spread,[m]ُ[h]َuːfَ[zʕ]َ[æ]ٌ,[m]ُ[h]َu:fَ[zʕ]َ[æ]ٌ,success,-
CHAR,محافظة,1-initial,م,مُ,-,1,onset,emphatic_spread,[h]َuː,[h]َu:,-,-
CHAR,محافظة,2-medial,ح,حَ,-,1,onset,emphatic_spread,[h]َuː,[h]َu:,-,-
CHAR,محافظة,3-medial,ا,ا,-,2,nucleus,emphatic_spread,fَ,fَ,-,-
CHAR,محافظة,4-medial,ف,فَ,-,2,onset,emphatic_spread,fَ,fَ,-,-
CHAR,محافظة,5-medial,ظ,ظَ,-,2,onset,emphatic_spread,fَ,fَ,-,-
CHAR,محافظة,6-final,ة,ةٌ,-,3,nucleus,emphatic_spread,[zʕ]َ[æ]ٌ,[zʕ]َ[æ]ٌ,-,-
WORD,الإسكندرية,-,الإسكندرية,الإسكندرية,UNKNOWN(CCCCCCCCCC),-,-,-,uː[l][ʔ][sʕ][k][n][d][ɾ]ejæ,u:[l][ʔ][sʕ][k][n][d][ɾ]ejæ,error,"diac,syl"
CHAR,الإسكندرية,1-initial,ا,ا,-,1,unknown,-,uː,u:,-,-
CHAR,الإسكندرية,2-medial,ل,ل,-,1,unknown,-,l,l,-,-
CHAR,الإسكندرية,3-medial,إ,إ,-,1,unknown,-,ʔ,ʔ,-,-
CHAR,الإسكندرية,4-medial,س,س,-,1,unknown,-,s,s,-,-
CHAR,الإسكندرية,5-medial,ك,ك,-,1,unknown,-,k,k,-,-
CHAR,الإسكندرية,6-medial,ن,ن,-,1,unknown,-,n,n,-,-
CHAR,الإسكندرية,7-medial,د,د,-,1,unknown,-,d,d,-,-
CHAR,الإسكندرية,8-medial,ر,ر,-,1,unknown,-,ɾ,ɾ,-,-
CHAR,الإسكندرية,9-medial,ي,ي,-,1,unknown,-,ej,ej,-,-
CHAR,الإسكندرية,10-final,ة,ة,-,1,unknown,-,æ,æ,-,-
WORD,اليوم,-,اليوم,الْيَوْمُ,CC.CVV.CV,-,-,-,uː[l]ْejَowْ[m]ُ,u:[l]ْejَowْ[m]ُ,success,-
CHAR,اليوم,1-initial,ا,ا,-,1,nucleus,-,ejَow,ejَow,-,-
CHAR,اليوم,2-medial,ل,لْ,-,1,onset,-,ejَow,ejَow,-,-
CHAR,اليوم,3-medial,ي,يَ,-,1,onset,-,ejَow,ejَow,-,-
CHAR,اليوم,4-medial,و,وْ,-,2,onset,-,ْ[m]ُ,ْ[m]ُ,-,-
CHAR,اليوم,5-final,م,مُ,-,2,coda,-,ْ[m]ُ,ْ[m]ُ,-,-
WORD,السبت,-,السبت,السَّبْتُ,CC.CV.CCV,-,-,sun_letters;gemination,uː[l][s]َّ[b]ْ[t]ُ,u:[l][s]َّ[b]ْ[t]ُ,success,-
CHAR,السبت,1-initial,ا,ا,-,1,nucleus,sun_letters;gemination,[s]َّ,[s]َّ,-,-
CHAR,السبت,2-medial,ل,ل,-,1,onset,sun_letters;gemination,[s]َّ,[s]َّ,-,-
CHAR,السبت,3-medial,س,سَّ,-,2,onset,sun_letters;gemination,[b]ْ[t]ُ,[b]ْ[t]ُ,-,-
CHAR,السبت,4-medial,ب,بْ,-,2,onset,sun_letters;gemination,[b]ْ[t]ُ,[b]ْ[t]ُ,-,-
CHAR,السبت,5-final,ت,تُ,-,2,coda,sun_letters;gemination,[b]ْ[t]ُ,[b]ْ[t]ُ,-,-
WORD,سيجري,-,سيجري,سَيَجْرِي,UNKNOWN(CVVVCCVV),-,-,-,[sʕ]َejَʒْ[ɾ]ِej,[sʕ]َejَZْ[ɾ]ِej,warning,syl
CHAR,سيجري,1-initial,س,سَ,-,1,unknown,-,s,s,-,-
CHAR,سيجري,2-medial,ي,يَ,-,1,unknown,-,ej,ej,-,-
CHAR,سيجري,3-medial,ج,جْ,-,1,unknown,-,g,g,-,-
CHAR,سيجري,4-medial,ر,رِ,-,1,unknown,-,ɾ,ɾ,-,-
CHAR,سيجري,5-final,ي,يَ,-,1,unknown,-,ej,ej,-,-
WORD,إضافة,-,إضافة,إضافة,UNKNOWN,-,-,-,,,error,"diac,syl,ipa"
CHAR,إضافة,1-initial,إ,إ,-,0,unknown,-,ʔ,ʔ,-,-
CHAR,إضافة,2-medial,ض,ض,-,0,unknown,-,dʕ,dʕ,-,-
CHAR,إضافة,3-medial,ا,ا,-,0,unknown,-,uː,u:,-,-
CHAR,إضافة,4-medial,ف,ف,-,0,unknown,-,f,f,-,-
CHAR,إضافة,5-final,ة,ة,-,0,unknown,-,æ,æ,-,-
WORD,رائحة,-,رائحة,رَائِحَةٌ,CVV.CV.CVC,-,-,-,[ɾ]َuːʔِ[ħ]َ[æ]ٌ,[ɾ]َu:ʔِ[X\]َ[æ]ٌ,success,-
CHAR,رائحة,1-initial,ر,رَ,-,1,onset,-,ʔِ,ʔِ,-,-
CHAR,رائحة,2-medial,ا,ا,-,1,nucleus,-,ʔِ,ʔِ,-,-
CHAR,رائحة,3-medial,ئ,ئِ,-,1,nucleus,-,ʔِ,ʔِ,-,-
CHAR,رائحة,4-medial,ح,حَ,-,2,onset,-,[ħ]َ[æ]ٌ,[X\]َ[æ]ٌ,-,-
CHAR,رائحة,5-final,ة,ةٌ,-,2,nucleus,-,[ħ]َ[æ]ٌ,[X\]َ[æ]ٌ,-,-
WORD,الغاز,-,الغاز,الْغَازُ,CC.CVV.CV,-,-,-,uː[l]ْ[ʁː]َuːðُ,u:[l]ْ[X:]َu:Dُ,success,-
CHAR,الغاز,1-initial,ا,ا,-,1,nucleus,-,[ʁː]َuː,[X:]َu:,-,-
CHAR,الغاز,2-medial,ل,لْ,-,1,onset,-,[ʁː]َuː,[X:]َu:,-,-
CHAR,الغاز,3-medial,غ,غَ,-,1,onset,-,[ʁː]َuː,[X:]َu:,-,-
CHAR,الغاز,4-medial,ا,ا,-,2,nucleus,-,ðُ,Dُ,-,-
CHAR,الغاز,5-final,ز,زُ,-,2,onset,-,ðُ,Dُ,-,-
WORD,المعروفة,-,المعروفة,الْمَعْرُوفَةُ,CC.UNKNOWN(CVCCVV).CV.CV,-,-,-,uː[l]ْ[m]َʔْ[ɾ]ُowfَ[æ]ُ,u:[l]ْ[m]َʔْ[ɾ]ُowfَ[æ]ُ,warning,syl
CHAR,المعروفة,1-initial,ا,ا,-,1,nucleus,-,[m]َʔْ[ɾ]ُow,[m]َʔْ[ɾ]ُow,-,-
CHAR,المعروفة,2-medial,ل,لْ,-,1,onset,-,[m]َʔْ[ɾ]ُow,[m]َʔْ[ɾ]ُow,-,-
CHAR,المعروفة,3-medial,م,مَ,-,1,onset,-,[m]َʔْ[ɾ]ُow,[m]َʔْ[ɾ]ُow,-,-
CHAR,المعروفة,4-medial,ع,عْ,-,2,onset,-,fَ,fَ,-,-
CHAR,المعروفة,5-medial,ر,رُ,-,2,onset,-,fَ,fَ,-,-
CHAR,المعروفة,6-medial,و,و,-,2,onset,-,fَ,fَ,-,-
CHAR,المعروفة,7-medial,ف,فَ,-,2,onset,-,fَ,fَ,-,-
CHAR,المعروفة,8-final,ة,ةُ,-,2,nucleus,-,fَ,fَ,-,-
WORD,الأمر,-,الأمر,الْأَمْرُ,CC.CV.CCV,-,-,-,uː[l]ْ∅َ[m]ْ∅ُ,u:[l]ْ∅َ[m]ْ∅ُ,success,-
CHAR,الأمر,1-initial,ا,ا,-,1,nucleus,-,∅َ,∅َ,-,-
CHAR,الأمر,2-medial,ل,لْ,-,1,onset,-,∅َ,∅َ,-,-
CHAR,الأمر,3-medial,أ,أَ,-,1,nucleus,-,∅َ,∅َ,-,-
CHAR,الأمر,4-medial,م,مْ,-,2,onset,-,[m]ْ∅ُ,[m]ْ∅ُ,-,-
CHAR,الأمر,5-final,ر,رُ,-,2,coda,-,[m]ْ∅ُ,[m]ْ∅ُ,-,-
WORD,الذي,-,الذي,الَّذِي,CCV.CVV,-,-,sun_letters;gemination,uː[l]َّdِej,u:[l]َّdِej,success,-
CHAR,الذي,1-initial,ا,ا,-,1,nucleus,sun_letters;gemination,dِej,dِej,-,-
CHAR,الذي,2-medial,ل,لَّ,-,1,onset,sun_letters;gemination,dِej,dِej,-,-
CHAR,الذي,3-medial,ذ,ذِ,-,1,onset,sun_letters;gemination,dِej,dِej,-,-
CHAR,الذي,4-final,ي,ي,-,1,onset,sun_letters;gemination,dِej,dِej,-,-
WORD,يترتب,-,يترتب,يَتَرَتَّبُ,CV.CV.CV.CV.CV,-,-,gemination,ejَ[t]َ[ɾ]َ[t]َّ[b]ُ,ejَ[t]َ[ɾ]َ[t]َّ[b]ُ,success,-
CHAR,يترتب,1-initial,ي,يَ,-,1,onset,gemination,[t]َ,[t]َ,-,-
CHAR,يترتب,2-medial,ت,تَ,-,1,onset,gemination,[t]َ,[t]َ,-,-
CHAR,يترتب,3-medial,ر,رَ,-,2,onset,gemination,[ɾ]َ,[ɾ]َ,-,-
CHAR,يترتب,4-medial,ت,تَ,-,2,onset,gemination,[ɾ]َ,[ɾ]َ,-,-
CHAR,يترتب,5-final,ب,بُ,-,3,onset,gemination,[t]َّ,[t]َّ,-,-
WORD,عليه,-,عليه,عَلَيْهِ,CV.CVV.CV,-,-,-,[ʕ]َ[l]َejْ∅ِ,[ʕ]َ[l]َejْ∅ِ,success,-
CHAR,عليه,1-initial,ع,عَ,-,1,onset,-,[l]َej,[l]َej,-,-
CHAR,عليه,2-medial,ل,لَ,-,1,onset,-,[l]َej,[l]َej,-,-
CHAR,عليه,3-medial,ي,يْ,-,2,onset,-,ْ∅ِ,ْ∅ِ,-,-
CHAR,عليه,4-final,ه,هِ,-,2,coda,-,ْ∅ِ,ْ∅ِ,-,-
WORD,انبعاث,-,انبعاث,اِنْبِعَاثٌ,CV.CCV.CVVC,-,-,-,uːِ[n]ْbِ[ʕ]َuːtٌ,u:ِ[n]ْbِ[ʕ]َu:tٌ,success,-
CHAR,انبعاث,1-initial,ا,اِ,-,1,nucleus,-,[n]ْbِ,[n]ْbِ,-,-
CHAR,انبعاث,2-medial,ن,نْ,-,1,onset,-,[n]ْbِ,[n]ْbِ,-,-
CHAR,انبعاث,3-medial,ب,بِ,-,2,onset,-,[ʕ]َuːtٌ,[ʕ]َu:tٌ,-,-
CHAR,انبعاث,4-medial,ع,عَ,-,2,onset,-,[ʕ]َuːtٌ,[ʕ]َu:tٌ,-,-
CHAR,انبعاث,5-medial,ا,اِ,-,2,nucleus,-,[ʕ]َuːtٌ,[ʕ]َu:tٌ,-,-
CHAR,انبعاث,6-final,ث,ثٌ,-,2,coda,-,[ʕ]َuːtٌ,[ʕ]َu:tٌ,-,-
WORD,رائحة,-,رائحة,رَائِحَةٌ,CVV.CV.CVC,-,-,-,[ɾ]َuːʔِ[ħ]َ[æ]ٌ,[ɾ]َu:ʔِ[X\]َ[æ]ٌ,success,-
CHAR,رائحة,1-initial,ر,رَ,-,1,onset,-,ʔِ,ʔِ,-,-
CHAR,رائحة,2-medial,ا,ا,-,1,nucleus,-,ʔِ,ʔِ,-,-
CHAR,رائحة,3-medial,ئ,ئِ,-,1,nucleus,-,ʔِ,ʔِ,-,-
CHAR,رائحة,4-medial,ح,حَ,-,2,onset,-,[ħ]َ[æ]ٌ,[X\]َ[æ]ٌ,-,-
CHAR,رائحة,5-final,ة,ةٌ,-,2,nucleus,-,[ħ]َ[æ]ٌ,[X\]َ[æ]ٌ,-,-
WORD,غاز,-,غاز,غَازٌ,CVVC,-,-,-,[ʁ]َuːzʕٌ,[X]َu:zʕٌ,success,-
CHAR,غاز,1-initial,غ,غَ,-,1,unknown,-,ɣ,ɣ,-,-
CHAR,غاز,2-medial,ا,ا,-,1,unknown,-,uː,u:,-,-
CHAR,غاز,3-final,ز,زٌ,-,1,unknown,-,zʕ,zʕ,-,-
WORD,يشعر,-,يشعر,يَشْعُرُ,CV.CCV.CV,-,-,-,ejَ[ʃ]ْʔُ∅ُ,ejَ[S]ْʔُ∅ُ,success,-
CHAR,يشعر,1-initial,ي,يَ,-,1,onset,-,[ʃ]ْʔُ,[S]ْʔُ,-,-
CHAR,يشعر,2-medial,ش,شْ,-,1,onset,-,[ʃ]ْʔُ,[S]ْʔُ,-,-
CHAR,يشعر,3-medial,ع,عُ,-,2,onset,-,∅ُ,∅ُ,-,-
CHAR,يشعر,4-final,ر,رُ,-,2,onset,-,∅ُ,∅ُ,-,-
WORD,بها,-,بها,بِهَا,CV.CVV,-,-,-,[b]ِ∅َuː,[b]ِ∅َu:,success,-
CHAR,بها,1-initial,ب,بِ,-,1,onset,-,∅َuː,∅َu:,-,-
CHAR,بها,2-medial,ه,هَ,-,1,onset,-,∅َuː,∅َu:,-,-
CHAR,بها,3-final,ا,ا,-,2,unknown,-,uː,u:,-,-
WORD,المناطق,-,المناطق,الْمَنَاطِقُ,CC.CV.CVV.CV.CV,-,-,emphatic_spread,uː[l]ْ[m]َ[n]َuː[tʕ]ِ[q]ُ,u:[l]ْ[m]َ[n]َu:[tʕ]ِ[q]ُ,success,-
CHAR,المناطق,1-initial,ا,ا,-,1,nucleus,emphatic_spread,[m]َ,[m]َ,-,-
CHAR,المناطق,2-medial,ل,لْ,-,1,onset,emphatic_spread,[m]َ,[m]َ,-,-
CHAR,المناطق,3-medial,م,مَ,-,1,onset,emphatic_spread,[m]َ,[m]َ,-,-
CHAR,المناطق,4-medial,ن,نَ,-,2,onset,emphatic_spread,[n]َuː,[n]َu:,-,-
CHAR,المناطق,5-medial,ا,ا,-,2,nucleus,emphatic_spread,[n]َuː,[n]َu:,-,-
CHAR,المناطق,6-medial,ط,طِ,-,3,onset,emphatic_spread,[tʕ]ِ,[tʕ]ِ,-,-
CHAR,المناطق,7-final,ق,قُ,-,3,onset,emphatic_spread,[tʕ]ِ,[tʕ]ِ,-,-
WORD,المحيطة,-,المحيطة,الْمُحِيطَةُ,CC.CV.CVV.CV.CV,-,-,emphatic_spread,uː[l]ْ[m]ُ[h]ِej[tʕ]َ[æ]ُ,u:[l]ْ[m]ُ[h]ِej[tʕ]َ[æ]ُ,success,-
CHAR,المحيطة,1-initial,ا,ا,-,1,nucleus,emphatic_spread,[m]ُ,[m]ُ,-,-
CHAR,المحيطة,2-medial,ل,لْ,-,1,onset,emphatic_spread,[m]ُ,[m]ُ,-,-
CHAR,المحيطة,3-medial,م,مُ,-,1,onset,emphatic_spread,[m]ُ,[m]ُ,-,-
CHAR,المحيطة,4-medial,ح,حِ,-,2,onset,emphatic_spread,[h]ِej,[h]ِej,-,-
CHAR,المحيطة,5-medial,ي,ي,-,2,onset,emphatic_spread,[h]ِej,[h]ِej,-,-
CHAR,المحيطة,6-medial,ط,طَ,-,3,onset,emphatic_spread,[tʕ]َ,[tʕ]َ,-,-
CHAR,المحيطة,7-final,ة,ةُ,-,3,nucleus,emphatic_spread,[tʕ]َ,[tʕ]َ,-,-
WORD,سبب,-,سبب,سَبَبٌ,CV.CVC,-,-,-,[sʕ]َ[b]َ[b]ٌ,[sʕ]َ[b]َ[b]ٌ,success,-
CHAR,سبب,1-initial,س,سَ,-,1,onset,-,[b]َ[b]ٌ,[b]َ[b]ٌ,-,-
CHAR,سبب,2-medial,ب,بَ,-,1,onset,-,[b]َ[b]ٌ,[b]َ[b]ٌ,-,-
CHAR,سبب,3-final,ب,بَ,-,2,unknown,-,b,b,-,-
WORD,انتشار,-,انتشار,اِنْتِشَارٌ,CV.CCV.CVVC,-,-,-,uːِ[n]ْ[t]ِ[ʃ]َuː∅ٌ,u:ِ[n]ْ[t]ِ[S]َu:∅ٌ,success,-
CHAR,انتشار,1-initial,ا,اِ,-,1,nucleus,-,[n]ْ[t]ِ,[n]ْ[t]ِ,-,-
CHAR,انتشار,2-medial,ن,نْ,-,1,onset,-,[n]ْ[t]ِ,[n]ْ[t]ِ,-,-
CHAR,انتشار,3-medial,ت,تِ,-,2,onset,-,[ʃ]َuː∅ٌ,[S]َu:∅ٌ,-,-
CHAR,انتشار,4-medial,ش,شَ,-,2,onset,-,[ʃ]َuː∅ٌ,[S]َu:∅ٌ,-,-
CHAR,انتشار,5-medial,ا,اِ,-,2,nucleus,-,[ʃ]َuː∅ٌ,[S]َu:∅ٌ,-,-
CHAR,انتشار,6-final,ر,رٌ,-,2,coda,-,[ʃ]َuː∅ٌ,[S]َu:∅ٌ,-,-
WORD,رائحة,-,رائحة,رَائِحَةٌ,CVV.CV.CVC,-,-,-,[ɾ]َuːʔِ[ħ]َ[æ]ٌ,[ɾ]َu:ʔِ[X\]َ[æ]ٌ,success,-
CHAR,رائحة,1-initial,ر,رَ,-,1,onset,-,ʔِ,ʔِ,-,-
CHAR,رائحة,2-medial,ا,ا,-,1,nucleus,-,ʔِ,ʔِ,-,-
CHAR,رائحة,3-medial,ئ,ئِ,-,1,nucleus,-,ʔِ,ʔِ,-,-
CHAR,رائحة,4-medial,ح,حَ,-,2,onset,-,[ħ]َ[æ]ٌ,[X\]َ[æ]ٌ,-,-
CHAR,رائحة,5-final,ة,ةٌ,-,2,nucleus,-,[ħ]َ[æ]ٌ,[X\]َ[æ]ٌ,-,-
WORD,الغاز,-,الغاز,الْغَازُ,CC.CVV.CV,-,-,-,uː[l]ْ[ʁː]َuːðُ,u:[l]ْ[X:]َu:Dُ,success,-
CHAR,الغاز,1-initial,ا,ا,-,1,nucleus,-,[ʁː]َuː,[X:]َu:,-,-
CHAR,الغاز,2-medial,ل,لْ,-,1,onset,-,[ʁː]َuː,[X:]َu:,-,-
CHAR,الغاز,3-medial,غ,غَ,-,1,onset,-,[ʁː]َuː,[X:]َu:,-,-
CHAR,الغاز,4-medial,ا,ا,-,2,nucleus,-,ðُ,Dُ,-,-
CHAR,الغاز,5-final,ز,زُ,-,2,onset,-,ðُ,Dُ,-,-
WORD,ببرج,-,ببرج,بِبُرْجٍ,CV.CVC,-,-,-,[b]ِ[b]ُ∅ْʒٍ,[b]ِ[b]ُ∅ْZٍ,success,-
CHAR,ببرج,1-initial,ب,بِ,-,1,onset,-,[b]ُ∅ْʒٍ,[b]ُ∅ْZٍ,-,-
CHAR,ببرج,2-medial,ب,بِ,-,1,onset,-,[b]ُ∅ْʒٍ,[b]ُ∅ْZٍ,-,-
CHAR,ببرج,3-medial,ر,رْ,-,2,unknown,-,ɾ,ɾ,-,-
CHAR,ببرج,4-final,ج,جٍ,-,2,unknown,-,g,g,-,-
WORD,العرب,-,العرب,الْعَرَبُ,CC.CV.CV.CV,-,-,-,uː[l]ْʔَ[ɾ]َ[b]ُ,u:[l]ْʔَ[ɾ]َ[b]ُ,success,-
CHAR,العرب,1-initial,ا,ا,-,1,nucleus,-,ʔَ,ʔَ,-,-
CHAR,العرب,2-medial,ل,لْ,-,1,onset,-,ʔَ,ʔَ,-,-
CHAR,العرب,3-medial,ع,عَ,-,1,onset,-,ʔَ,ʔَ,-,-
CHAR,العرب,4-medial,ر,رَ,-,2,onset,-,[ɾ]َ,[ɾ]َ,-,-
CHAR,العرب,5-final,ب,بُ,-,2,onset,-,[ɾ]َ,[ɾ]َ,-,-
WORD,وتهيب,-,وتهيب,وَتُهَيِّبُ,CV.CV.UNKNOWN(CVVV).CV,-,-,gemination,ewَ[t]ُ∅َejِّ[b]ُ,ewَ[t]ُ∅َejِّ[b]ُ,warning,syl
CHAR,وتهيب,1-initial,و,وَ,-,1,onset,gemination,[t]ُ,[t]ُ,-,-
CHAR,وتهيب,2-medial,ت,تُ,-,1,onset,gemination,[t]ُ,[t]ُ,-,-
CHAR,وتهيب,3-medial,ه,هَ,-,2,onset,gemination,∅َejِّ,∅َejِّ,-,-
CHAR,وتهيب,4-medial,ي,يِّ,-,2,coda,gemination,∅َejِّ,∅َejِّ,-,-
CHAR,وتهيب,5-final,ب,بُ,-,3,onset,gemination,[b]ُ,[b]ُ,-,-
WORD,الشركة,-,الشركة,الشَّرِكَةُ,CC.CV.CV.CV.CV,-,-,sun_letters;gemination,uː[l][ʃ]َّ[ɾ]ِ[k͡x]َ[æ]ُ,u:[l][S]َّ[ɾ]ِ[k͡x]َ[æ]ُ,success,-
CHAR,الشركة,1-initial,ا,ا,-,1,nucleus,sun_letters;gemination,[ʃ]َّ,[S]َّ,-,-
CHAR,الشركة,2-medial,ل,ل,-,1,onset,sun_letters;gemination,[ʃ]َّ,[S]َّ,-,-
CHAR,الشركة,3-medial,ش,شَّ,-,2,onset,sun_letters;gemination,[ɾ]ِ,[ɾ]ِ,-,-
CHAR,الشركة,4-medial,ر,رِ,-,2,onset,sun_letters;gemination,[ɾ]ِ,[ɾ]ِ,-,-
CHAR,الشركة,5-medial,ك,كَ,-,2,onset,sun_letters;gemination,[ɾ]ِ,[ɾ]ِ,-,-
CHAR,الشركة,6-final,ة,ةُ,-,3,nucleus,sun_letters;gemination,[k͡x]َ,[k͡x]َ,-,-
WORD,بأهالي,-,بأهالي,بأهالي,UNKNOWN,-,-,-,,,error,"diac,syl,ipa"
CHAR,بأهالي,1-initial,ب,ب,-,0,unknown,-,b,b,-,-
CHAR,بأهالي,2-medial,أ,أ,-,0,unknown,-,ʔ,ʔ,-,-
CHAR,بأهالي,3-medial,ه,ه,-,0,unknown,-,h,h,-,-
CHAR,بأهالي,4-medial,ا,ا,-,0,unknown,-,uː,u:,-,-
CHAR,بأهالي,5-medial,ل,ل,-,0,unknown,-,l,l,-,-
CHAR,بأهالي,6-final,ي,ي,-,0,unknown,-,ej,ej,-,-
WORD,المناطق,-,المناطق,الْمَنَاطِقُ,CC.CV.CVV.CV.CV,-,-,emphatic_spread,uː[l]ْ[m]َ[n]َuː[tʕ]ِ[q]ُ,u:[l]ْ[m]َ[n]َu:[tʕ]ِ[q]ُ,success,-
CHAR,المناطق,1-initial,ا,ا,-,1,nucleus,emphatic_spread,[m]َ,[m]َ,-,-
CHAR,المناطق,2-medial,ل,لْ,-,1,onset,emphatic_spread,[m]َ,[m]َ,-,-
CHAR,المناطق,3-medial,م,مَ,-,1,onset,emphatic_spread,[m]َ,[m]َ,-,-
CHAR,المناطق,4-medial,ن,نَ,-,2,onset,emphatic_spread,[n]َuː,[n]َu:,-,-
CHAR,المناطق,5-medial,ا,ا,-,2,nucleus,emphatic_spread,[n]َuː,[n]َu:,-,-
CHAR,المناطق,6-medial,ط,طِ,-,3,onset,emphatic_spread,[tʕ]ِ,[tʕ]ِ,-,-
CHAR,المناطق,7-final,ق,قُ,-,3,onset,emphatic_spread,[tʕ]ِ,[tʕ]ِ,-,-
WORD,المجاورة,-,المجاورة,الْمُجَاوِرَةُ,CC.CV.CVV.CV.CV.CV,-,-,-,uː[l]ْ[m]ُʒَuːowِ[ɾ]َ[æ]ُ,u:[l]ْ[m]ُZَu:owِ[ɾ]َ[æ]ُ,success,-
CHAR,المجاورة,1-initial,ا,ا,-,1,nucleus,-,[m]ُ,[m]ُ,-,-
CHAR,المجاورة,2-medial,ل,لْ,-,1,onset,-,[m]ُ,[m]ُ,-,-
CHAR,المجاورة,3-medial,م,مُ,-,1,onset,-,[m]ُ,[m]ُ,-,-
CHAR,المجاورة,4-medial,ج,جَ,-,2,onset,-,ʒَuː,Zَu:,-,-
CHAR,المجاورة,5-medial,ا,ا,-,2,nucleus,-,ʒَuː,Zَu:,-,-
CHAR,المجاورة,6-medial,و,وِ,-,3,onset,-,owِ,owِ,-,-
CHAR,المجاورة,7-medial,ر,رَ,-,3,onset,-,owِ,owِ,-,-
CHAR,المجاورة,8-final,ة,ةُ,-,3,nucleus,-,owِ,owِ,-,-
WORD,عدم,-,عدم,عَدَمٌ,CV.CVC,-,-,-,[ʕ]َ[d]َ[m]ٌ,[ʕ]َ[d]َ[m]ٌ,success,-
CHAR,عدم,1-initial,ع,عَ,-,1,onset,-,[d]َ[m]ٌ,[d]َ[m]ٌ,-,-
CHAR,عدم,2-medial,د,دَ,-,1,onset,-,[d]َ[m]ٌ,[d]َ[m]ٌ,-,-
CHAR,عدم,3-final,م,مٌ,-,2,unknown,-,m,m,-,-
WORD,الانزعاج,-,الانزعاج,الْاِنْزِعَاجُ,CC.CV.CCV.CVV.CV,-,-,-,uː[l]ْuːِ[n]ْzِʔَuːʒُ,u:[l]ْu:ِ[n]ْzِʔَu:Zُ,success,-
CHAR,الانزعاج,1-initial,ا,ا,-,1,nucleus,-,uːِ,u:ِ,-,-
CHAR,الانزعاج,2-medial,ل,لْ,-,1,onset,-,uːِ,u:ِ,-,-
CHAR,الانزعاج,3-medial,ا,ا,-,1,nucleus,-,uːِ,u:ِ,-,-
CHAR,الانزعاج,4-medial,ن,نْ,-,2,onset,-,[n]ْzِ,[n]ْzِ,-,-
CHAR,الانزعاج,5-medial,ز,زِ,-,2,coda,-,[n]ْzِ,[n]ْzِ,-,-
CHAR,الانزعاج,6-medial,ع,عَ,-,3,onset,-,ʔَuː,ʔَu:,-,-
CHAR,الانزعاج,7-medial,ا,ا,-,3,nucleus,-,ʔَuː,ʔَu:,-,-
CHAR,الانزعاج,8-final,ج,جُ,-,3,onset,-,ʔَuː,ʔَu:,-,-
WORD,عند,-,عند,عِنْد,CVCC,-,-,-,[ʕ]ِ[n]ْ[d],[ʕ]ِ[n]ْ[d],success,-
CHAR,عند,1-initial,ع,عِ,-,1,unknown,-,ʕ,ʕ,-,-
CHAR,عند,2-medial,ن,نْ,-,1,unknown,-,n,n,-,-
CHAR,عند,3-final,د,د,-,1,unknown,-,d,d,-,-
WORD,الشعور,-,الشعور,الشُّعُورُ,CC.CV.CVV.CV,-,-,sun_letters;gemination,uː[l][ʃ]ُّʔُow∅ُ,u:[l][S]ُّʔُow∅ُ,success,-
CHAR,الشعور,1-initial,ا,ا,-,1,nucleus,sun_letters;gemination,[ʃ]ُّ,[S]ُّ,-,-
CHAR,الشعور,2-medial,ل,ل,-,1,onset,sun_letters;gemination,[ʃ]ُّ,[S]ُّ,-,-
CHAR,الشعور,3-medial,ش,شُّ,-,2,onset,sun_letters;gemination,ʔُow,ʔُow,-,-
CHAR,الشعور,4-medial,ع,عُ,-,2,onset,sun_letters;gemination,ʔُow,ʔُow,-,-
CHAR,الشعور,5-medial,و,و,-,2,onset,sun_letters;gemination,ʔُow,ʔُow,-,-
CHAR,الشعور,6-final,ر,رُ,-,3,onset,sun_letters;gemination,∅ُ,∅ُ,-,-
WORD,بالرائحة,-,بالرائحة,بِالرَّائِحَةِ,UNKNOWN(CVVCCVV).CV.CV.CV,-,-,gemination,[b]ِuː[l][ɾ]َّuːʔِ[h]َ[æ]ِ,[b]ِu:[l][ɾ]َّu:ʔِ[h]َ[æ]ِ,warning,syl
CHAR,بالرائحة,1-initial,ب,بِ,-,1,onset,gemination,ʔِ,ʔِ,-,-
CHAR,بالرائحة,2-medial,ا,ا,-,1,nucleus,gemination,ʔِ,ʔِ,-,-
CHAR,بالرائحة,3-medial,ل,ل,-,1,onset,gemination,ʔِ,ʔِ,-,-
CHAR,بالرائحة,4-medial,ر,رَّ,-,1,onset,gemination,ʔِ,ʔِ,-,-
CHAR,بالرائحة,5-medial,ا,ا,-,1,nucleus,gemination,ʔِ,ʔِ,-,-
CHAR,بالرائحة,6-medial,ئ,ئِ,-,1,nucleus,gemination,ʔِ,ʔِ,-,-
CHAR,بالرائحة,7-medial,ح,حَ,-,1,onset,gemination,ʔِ,ʔِ,-,-
CHAR,بالرائحة,8-final,ة,ةِ,-,1,nucleus,gemination,ʔِ,ʔِ,-,-
WORD,موضحة,-,موضحة,مُوَضِّحَةٌ,UNKNOWN(CVVV).CV.CVC,-,-,emphatic_spread;gemination,[m]ُewَdʕِّ[ħ]َ[æ]ٌ,[m]ُewَdʕِّ[X\]َ[æ]ٌ,warning,syl
CHAR,موضحة,1-initial,م,مُ,-,1,onset,emphatic_spread;gemination,dʕِّ,dʕِّ,-,-
CHAR,موضحة,2-medial,و,وَ,-,1,onset,emphatic_spread;gemination,dʕِّ,dʕِّ,-,-
CHAR,موضحة,3-medial,ض,ضِّ,-,1,onset,emphatic_spread;gemination,dʕِّ,dʕِّ,-,-
CHAR,موضحة,4-medial,ح,حَ,-,1,onset,emphatic_spread;gemination,dʕِّ,dʕِّ,-,-
CHAR,موضحة,5-final,ة,ةٌ,-,2,nucleus,emphatic_spread;gemination,[ħ]َ[æ]ٌ,[X\]َ[æ]ٌ,-,-
WORD,أن,-,أن,أَنّ,CVC,-,-,gemination,[ʔ]َ[n]ّ,[ʔ]َ[n]ّ,success,-
CHAR,أن,1-initial,أ,أَ,-,1,unknown,gemination,ʔ,ʔ,-,-
CHAR,أن,2-final,ن,نّ,-,1,unknown,gemination,n,n,-,-
WORD,إضافة,-,إضافة,إضافة,UNKNOWN,-,-,-,,,error,"diac,syl,ipa"
CHAR,إضافة,1-initial,إ,إ,-,0,unknown,-,ʔ,ʔ,-,-
CHAR,إضافة,2-medial,ض,ض,-,0,unknown,-,dʕ,dʕ,-,-
CHAR,إضافة,3-medial,ا,ا,-,0,unknown,-,uː,u:,-,-
CHAR,إضافة,4-medial,ف,ف,-,0,unknown,-,f,f,-,-
CHAR,إضافة,5-final,ة,ة,-,0,unknown,-,æ,æ,-,-
WORD,رائحة,-,رائحة,رَائِحَةٌ,CVV.CV.CVC,-,-,-,[ɾ]َuːʔِ[ħ]َ[æ]ٌ,[ɾ]َu:ʔِ[X\]َ[æ]ٌ,success,-
CHAR,رائحة,1-initial,ر,رَ,-,1,onset,-,ʔِ,ʔِ,-,-
CHAR,رائحة,2-medial,ا,ا,-,1,nucleus,-,ʔِ,ʔِ,-,-
CHAR,رائحة,3-medial,ئ,ئِ,-,1,nucleus,-,ʔِ,ʔِ,-,-
CHAR,رائحة,4-medial,ح,حَ,-,2,onset,-,[ħ]َ[æ]ٌ,[X\]َ[æ]ٌ,-,-
CHAR,رائحة,5-final,ة,ةٌ,-,2,nucleus,-,[ħ]َ[æ]ٌ,[X\]َ[æ]ٌ,-,-
WORD,الغاز,-,الغاز,الْغَازُ,CC.CVV.CV,-,-,-,uː[l]ْ[ʁː]َuːðُ,u:[l]ْ[X:]َu:Dُ,success,-
CHAR,الغاز,1-initial,ا,ا,-,1,nucleus,-,[ʁː]َuː,[X:]َu:,-,-
CHAR,الغاز,2-medial,ل,لْ,-,1,onset,-,[ʁː]َuː,[X:]َu:,-,-
CHAR,الغاز,3-medial,غ,غَ,-,1,onset,-,[ʁː]َuː,[X:]َu:,-,-
CHAR,الغاز,4-medial,ا,ا,-,2,nucleus,-,ðُ,Dُ,-,-
CHAR,الغاز,5-final,ز,زُ,-,2,onset,-,ðُ,Dُ,-,-
WORD,المعروفة,-,المعروفة,الْمَعْرُوفَةُ,CC.UNKNOWN(CVCCVV).CV.CV,-,-,-,uː[l]ْ[m]َʔْ[ɾ]ُowfَ[æ]ُ,u:[l]ْ[m]َʔْ[ɾ]ُowfَ[æ]ُ,warning,syl
CHAR,المعروفة,1-initial,ا,ا,-,1,nucleus,-,[m]َʔْ[ɾ]ُow,[m]َʔْ[ɾ]ُow,-,-
CHAR,المعروفة,2-medial,ل,لْ,-,1,onset,-,[m]َʔْ[ɾ]ُow,[m]َʔْ[ɾ]ُow,-,-
CHAR,المعروفة,3-medial,م,مَ,-,1,onset,-,[m]َʔْ[ɾ]ُow,[m]َʔْ[ɾ]ُow,-,-
CHAR,المعروفة,4-medial,ع,عْ,-,2,onset,-,fَ,fَ,-,-
CHAR,المعروفة,5-medial,ر,رُ,-,2,onset,-,fَ,fَ,-,-
CHAR,المعروفة,6-medial,و,و,-,2,onset,-,fَ,fَ,-,-
CHAR,المعروفة,7-medial,ف,فَ,-,2,onset,-,fَ,fَ,-,-
CHAR,المعروفة,8-final,ة,ةُ,-,2,nucleus,-,fَ,fَ,-,-
WORD,هو,-,هو,هُو,CVV,-,-,-,[h]ُew,[h]ُew,success,-
CHAR,هو,1-initial,ه,هُ,-,1,unknown,-,h,h,-,-
CHAR,هو,2-final,و,و,-,1,unknown,-,ew,ew,-,-
WORD,إجراء,-,إجراء,إِجْرَاءٌ,UNKNOWN(CVCCVVC),-,-,-,[ʔ]ِʒْ[ɾ]َuːʔٌ,[ʔ]ِZْ[ɾ]َu:ʔٌ,warning,syl
CHAR,إجراء,1-initial,إ,إِ,-,1,unknown,-,ʔ,ʔ,-,-
CHAR,إجراء,2-medial,ج,جْ,-,1,unknown,-,g,g,-,-
CHAR,إجراء,3-medial,ر,رَ,-,1,unknown,-,ɾ,ɾ,-,-
CHAR,إجراء,4-medial,ا,ا,-,1,unknown,-,uː,u:,-,-
CHAR,إجراء,5-final,ء,ءٌ,-,1,unknown,-,ʔ,ʔ,-,-
WORD,اعتيادي,-,اعتيادي,اِعْتِيَادِيٌّ,UNKNOWN(CVCCVVVV).CVV,-,-,gemination,uːِ[ʕ]ْ[tʕ]ِejَuː[d]ِejٌّ,u:ِ[ʕ]ْ[tʕ]ِejَu:[d]ِejٌّ,warning,syl
CHAR,اعتيادي,1-initial,ا,اِ,-,1,nucleus,gemination,[d]ِejٌّ,[d]ِejٌّ,-,-
CHAR,اعتيادي,2-medial,ع,عْ,-,1,onset,gemination,[d]ِejٌّ,[d]ِejٌّ,-,-
CHAR,اعتيادي,3-medial,ت,تِ,-,1,onset,gemination,[d]ِejٌّ,[d]ِejٌّ,-,-
CHAR,اعتيادي,4-medial,ي,يَ,-,1,coda,gemination,[d]ِejٌّ,[d]ِejٌّ,-,-
CHAR,اعتيادي,5-medial,ا,اِ,-,1,nucleus,gemination,[d]ِejٌّ,[d]ِejٌّ,-,-
CHAR,اعتيادي,6-medial,د,دِ,-,1,onset,gemination,[d]ِejٌّ,[d]ِejٌّ,-,-
CHAR,اعتيادي,7-final,ي,يَ,-,1,coda,gemination,[d]ِejٌّ,[d]ِejٌّ,-,-
WORD,تقوم,-,تقوم,تَقُومُ,CV.CVV.CV,-,-,emphatic_spread,[tʕ]َ[ʔ]ُow[m]ُ,[tʕ]َ[ʔ]ُow[m]ُ,success,-
CHAR,تقوم,1-initial,ت,تَ,-,1,onset,emphatic_spread,[ʔ]ُow,[ʔ]ُow,-,-
CHAR,تقوم,2-medial,ق,قُ,-,1,onset,emphatic_spread,[ʔ]ُow,[ʔ]ُow,-,-
CHAR,تقوم,3-medial,و,و,-,2,onset,emphatic_spread,[m]ُ,[m]ُ,-,-
CHAR,تقوم,4-final,م,مُ,-,2,onset,emphatic_spread,[m]ُ,[m]ُ,-,-
WORD,به,-,به,بِه,CVC,-,-,-,[b]ِ[h],[b]ِ[h],success,-
CHAR,به,1-initial,ب,بِ,-,1,unknown,-,b,b,-,-
CHAR,به,2-final,ه,ه,-,1,unknown,-,h,h,-,-
WORD,الشركة,-,الشركة,الشَّرِكَةُ,CC.CV.CV.CV.CV,-,-,sun_letters;gemination,uː[l][ʃ]َّ[ɾ]ِ[k͡x]َ[æ]ُ,u:[l][S]َّ[ɾ]ِ[k͡x]َ[æ]ُ,success,-
CHAR,الشركة,1-initial,ا,ا,-,1,nucleus,sun_letters;gemination,[ʃ]َّ,[S]َّ,-,-
CHAR,الشركة,2-medial,ل,ل,-,1,onset,sun_letters;gemination,[ʃ]َّ,[S]َّ,-,-
CHAR,الشركة,3-medial,ش,شَّ,-,2,onset,sun_letters;gemination,[ɾ]ِ,[ɾ]ِ,-,-
CHAR,الشركة,4-medial,ر,رِ,-,2,onset,sun_letters;gemination,[ɾ]ِ,[ɾ]ِ,-,-
CHAR,الشركة,5-medial,ك,كَ,-,2,onset,sun_letters;gemination,[ɾ]ِ,[ɾ]ِ,-,-
CHAR,الشركة,6-final,ة,ةُ,-,3,nucleus,sun_letters;gemination,[k͡x]َ,[k͡x]َ,-,-
WORD,ولا,-,ولا,ولا,UNKNOWN,-,-,-,,,error,"diac,syl,ipa"
CHAR,ولا,1-initial,و,و,-,0,unknown,-,ew,ew,-,-
CHAR,ولا,2-medial,ل,ل,-,0,unknown,-,l,l,-,-
CHAR,ولا,3-final,ا,ا,-,0,unknown,-,uː,u:,-,-
WORD,داعي,-,داعي,دَاعِي,CVV.CVV,-,-,-,[d]َuː[ʕ]ِej,[d]َu:[ʕ]ِej,success,-
CHAR,داعي,1-initial,د,دَ,-,1,onset,-,[ʕ]ِej,[ʕ]ِej,-,-
CHAR,داعي,2-medial,ا,ا,-,1,nucleus,-,[ʕ]ِej,[ʕ]ِej,-,-
CHAR,داعي,3-medial,ع,عِ,-,1,onset,-,[ʕ]ِej,[ʕ]ِej,-,-
CHAR,داعي,4-final,ي,ي,-,2,unknown,-,ej,ej,-,-
WORD,للقلق,-,للقلق,لِلَقْلَقَ,CV.CV.CCV.CV,-,-,emphatic_spread,[l]ِ[l]َ[ʔ]ْ[l]َ[q]َ,[l]ِ[l]َ[ʔ]ْ[l]َ[q]َ,success,-
CHAR,للقلق,1-initial,ل,لِ,-,1,onset,emphatic_spread,[l]َ,[l]َ,-,-
CHAR,للقلق,2-medial,ل,لِ,-,1,onset,emphatic_spread,[l]َ,[l]َ,-,-
CHAR,للقلق,3-medial,ق,قْ,-,2,onset,emphatic_spread,[ʔ]ْ[l]َ,[ʔ]ْ[l]َ,-,-
CHAR,للقلق,4-medial,ل,لِ,-,2,coda,emphatic_spread,[ʔ]ْ[l]َ,[ʔ]ْ[l]َ,-,-
CHAR,للقلق,5-final,ق,قْ,-,3,onset,emphatic_spread,[q]َ,[q]َ,-,-
WORD,نهائيا,-,نهائيا,نِهَائِيَّا,CV.CVV.UNKNOWN(CVVVV),-,-,gemination,[n]ِ∅َuːʔِejَّuː,[n]ِ∅َu:ʔِejَّu:,warning,syl
CHAR,نهائيا,1-initial,ن,نِ,-,1,onset,gemination,∅َuː,∅َu:,-,-
CHAR,نهائيا,2-medial,ه,هَ,-,1,onset,gemination,∅َuː,∅َu:,-,-
CHAR,نهائيا,3-medial,ا,ا,-,2,nucleus,gemination,ʔِejَّuː,ʔِejَّu:,-,-
CHAR,نهائيا,4-medial,ئ,ئِ,-,2,nucleus,gemination,ʔِejَّuː,ʔِejَّu:,-,-
CHAR,نهائيا,5-medial,ي,يَّ,-,2,coda,gemination,ʔِejَّuː,ʔِejَّu:,-,-
CHAR,نهائيا,6-final,ا,ا,-,3,unknown,gemination,uː,u:,-,-
WORD,وأكدت,-,وأكدت,وَأَكَّدَتْ,CV.CV.CV.CVC,-,-,gemination,ewَ∅َ[k͡x]َّ[d]َ[t]ْ,ewَ∅َ[k͡x]َّ[d]َ[t]ْ,success,-
CHAR,وأكدت,1-initial,و,وَ,-,1,onset,gemination,∅َ,∅َ,-,-
CHAR,وأكدت,2-medial,أ,أَ,-,1,nucleus,gemination,∅َ,∅َ,-,-
CHAR,وأكدت,3-medial,ك,كَّ,-,2,onset,gemination,[k͡x]َّ,[k͡x]َّ,-,-
CHAR,وأكدت,4-medial,د,دَ,-,2,onset,gemination,[k͡x]َّ,[k͡x]َّ,-,-
CHAR,وأكدت,5-final,ت,تْ,-,3,coda,gemination,[d]َ[t]ْ,[d]َ[t]ْ,-,-
WORD,أن,-,أن,أَنّ,CVC,-,-,gemination,[ʔ]َ[n]ّ,[ʔ]َ[n]ّ,success,-
CHAR,أن,1-initial,أ,أَ,-,1,unknown,gemination,ʔ,ʔ,-,-
CHAR,أن,2-final,ن,نّ,-,1,unknown,gemination,n,n,-,-
WORD,هذه,-,هذه,هَذِه,CV.CVC,-,-,-,[h]َdِ∅,[h]َdِ∅,success,-
CHAR,هذه,1-initial,ه,هَ,-,1,onset,-,dِ∅,dِ∅,-,-
CHAR,هذه,2-medial,ذ,ذِ,-,1,onset,-,dِ∅,dِ∅,-,-
CHAR,هذه,3-final,ه,هَ,-,2,unknown,-,h,h,-,-
WORD,الأعمال,-,الأعمال,الْأَعْمَالُ,CC.UNKNOWN(CVCCVV).CV,-,-,-,uː[l]ْ∅َʔْ[m]َuː[l~]ُ,u:[l]ْ∅َʔْ[m]َu:[l~]ُ,warning,syl
CHAR,الأعمال,1-initial,ا,ا,-,1,nucleus,-,∅َʔْ[m]َuː,∅َʔْ[m]َu:,-,-
CHAR,الأعمال,2-medial,ل,لْ,-,1,onset,-,∅َʔْ[m]َuː,∅َʔْ[m]َu:,-,-
CHAR,الأعمال,3-medial,أ,أَ,-,1,nucleus,-,∅َʔْ[m]َuː,∅َʔْ[m]َu:,-,-
CHAR,الأعمال,4-medial,ع,عْ,-,2,onset,-,[l~]ُ,[l~]ُ,-,-
CHAR,الأعمال,5-medial,م,مَ,-,2,onset,-,[l~]ُ,[l~]ُ,-,-
CHAR,الأعمال,6-medial,ا,ا,-,2,nucleus,-,[l~]ُ,[l~]ُ,-,-
CHAR,الأعمال,7-final,ل,لْ,-,2,onset,-,[l~]ُ,[l~]ُ,-,-
WORD,ستتم,-,ستتم,سَتَتِمُّ,CV.CV.CV.CV,-,-,gemination,[sʕ]َ[t]َ[t]ِ[m]ُّ,[sʕ]َ[t]َ[t]ِ[m]ُّ,success,-
CHAR,ستتم,1-initial,س,سَ,-,1,onset,gemination,[t]َ,[t]َ,-,-
CHAR,ستتم,2-medial,ت,تَ,-,1,onset,gemination,[t]َ,[t]َ,-,-
CHAR,ستتم,3-medial,ت,تَ,-,2,onset,gemination,[t]ِ,[t]ِ,-,-
CHAR,ستتم,4-final,م,مُّ,-,2,onset,gemination,[t]ِ,[t]ِ,-,-
WORD,بأعلى,-,بأعلى,بأَعْلَى,CCV.UNKNOWN(CCVC),-,-,-,[b][ʔ]َ[ʕ]ْ[l~]َuː,[b][ʔ]َ[ʕ]ْ[l~]َu:,warning,syl
CHAR,بأعلى,1-initial,ب,ب,-,1,onset,-,[ʕ]ْ[l~]َuː,[ʕ]ْ[l~]َu:,-,-
CHAR,بأعلى,2-medial,أ,أَ,-,1,nucleus,-,[ʕ]ْ[l~]َuː,[ʕ]ْ[l~]َu:,-,-
CHAR,بأعلى,3-medial,ع,عْ,-,1,onset,-,[ʕ]ْ[l~]َuː,[ʕ]ْ[l~]َu:,-,-
CHAR,بأعلى,4-medial,ل,لَ,-,2,unknown,-,l,l,-,-
CHAR,بأعلى,5-final,ى,ى,-,2,unknown,-,uː,u:,-,-
WORD,معايير,-,معايير,مَعَايِيرُ,CV.CVV.CVV.CV,-,-,-,[m]َʔَuːejِej∅ُ,[m]َʔَu:ejِej∅ُ,success,-
CHAR,معايير,1-initial,م,مَ,-,1,onset,-,ʔَuː,ʔَu:,-,-
CHAR,معايير,2-medial,ع,عَ,-,1,onset,-,ʔَuː,ʔَu:,-,-
CHAR,معايير,3-medial,ا,ا,-,2,nucleus,-,ejِej,ejِej,-,-
CHAR,معايير,4-medial,ي,يِ,-,2,onset,-,ejِej,ejِej,-,-
CHAR,معايير,5-medial,ي,يِ,-,2,onset,-,ejِej,ejِej,-,-
CHAR,معايير,6-final,ر,رُ,-,3,onset,-,∅ُ,∅ُ,-,-
WORD,الجودة,-,الجودة,الْجَوْدَةُ,CC.CVV.CV.CV,-,-,-,uː[l]ْʒَowْdَ[æ]ُ,u:[l]ْZَowْdَ[æ]ُ,success,-
CHAR,الجودة,1-initial,ا,ا,-,1,nucleus,-,ʒَow,Zَow,-,-
CHAR,الجودة,2-medial,ل,لْ,-,1,onset,-,ʒَow,Zَow,-,-
CHAR,الجودة,3-medial,ج,جَ,-,1,onset,-,ʒَow,Zَow,-,-
CHAR,الجودة,4-medial,و,وْ,-,2,onset,-,ْdَ,ْdَ,-,-
CHAR,الجودة,5-medial,د,دَ,-,2,coda,-,ْdَ,ْdَ,-,-
CHAR,الجودة,6-final,ة,ةُ,-,2,nucleus,-,ْdَ,ْdَ,-,-
WORD,والسلامة,-,والسلامة,وَالسُّلَّامَةُ,CVV.CCV.CVV.CV.CV,-,-,gemination,ewَuː[l][s]ُّ[l]َّuː[m]َ[æ]ُ,ewَu:[l][s]ُّ[l]َّu:[m]َ[æ]ُ,success,-
CHAR,والسلامة,1-initial,و,وَ,-,1,onset,gemination,[l][s]ُّ,[l][s]ُّ,-,-
CHAR,والسلامة,2-medial,ا,ا,-,1,nucleus,gemination,[l][s]ُّ,[l][s]ُّ,-,-
CHAR,والسلامة,3-medial,ل,ل,-,1,onset,gemination,[l][s]ُّ,[l][s]ُّ,-,-
CHAR,والسلامة,4-medial,س,سُّ,-,2,onset,gemination,[l]َّuː,[l]َّu:,-,-
CHAR,والسلامة,5-medial,ل,ل,-,2,onset,gemination,[l]َّuː,[l]َّu:,-,-
CHAR,والسلامة,6-medial,ا,ا,-,2,nucleus,gemination,[l]َّuː,[l]َّu:,-,-
CHAR,والسلامة,7-medial,م,مَ,-,2,onset,gemination,[l]َّuː,[l]َّu:,-,-
CHAR,والسلامة,8-final,ة,ةُ,-,3,nucleus,gemination,[m]َ,[m]َ,-,-
WORD,منوهاً,-,منوهاً,مُنَوِّهَا,CV.UNKNOWN(CVVV).CVV,-,-,gemination,[m]ُ[n]َowِّ∅َuː,[m]ُ[n]َowِّ∅َu:,warning,syl
CHAR,منوهاً,1-initial,م,مُ,-,1,onset,gemination,[n]َowِّ,[n]َowِّ,-,-
CHAR,منوهاً,2-medial,ن,نَ,-,1,onset,gemination,[n]َowِّ,[n]َowِّ,-,-
CHAR,منوهاً,3-medial,و,وِّ,-,2,onset,gemination,∅َuː,∅َu:,-,-
CHAR,منوهاً,4-medial,ه,هَ,-,2,onset,gemination,∅َuː,∅َu:,-,-
CHAR,منوهاً,5-medial,ا,ا,-,2,nucleus,gemination,∅َuː,∅َu:,-,-
CHAR,منوهاً,6-final,ً,ً,-,2,nucleus,gemination,∅َuː,∅َu:,-,-
WORD,أنه,-,أنه,أَنّهُ,CV.CCV,-,-,gemination,[ʔ]َ[n~]ّ∅ُ,[ʔ]َ[n~]ّ∅ُ,success,-
CHAR,أنه,1-initial,أ,أَ,-,1,nucleus,gemination,[n~]ّ∅ُ,[n~]ّ∅ُ,-,-
CHAR,أنه,2-medial,ن,نّ,-,1,onset,gemination,[n~]ّ∅ُ,[n~]ّ∅ُ,-,-
CHAR,أنه,3-final,ه,هُ,-,2,unknown,gemination,h,h,-,-
WORD,يمكن,-,يمكن,يُمْكِنُ,CV.CCV.CV,-,-,-,ejُ[m]ْ[k͡x]ِ[n~]ُ,ejُ[m]ْ[k͡x]ِ[n~]ُ,success,-
CHAR,يمكن,1-initial,ي,يُ,-,1,onset,-,[m]ْ[k͡x]ِ,[m]ْ[k͡x]ِ,-,-
CHAR,يمكن,2-medial,م,مْ,-,1,onset,-,[m]ْ[k͡x]ِ,[m]ْ[k͡x]ِ,-,-
CHAR,يمكن,3-medial,ك,كِ,-,2,onset,-,[n~]ُ,[n~]ُ,-,-
CHAR,يمكن,4-final,ن,نُ,-,2,onset,-,[n~]ُ,[n~]ُ,-,-
WORD,الاتصال,-,الاتصال,الْاِتِّصَالُ,CC.CV.CV.CVV.CV,-,-,emphatic_spread;gemination,uː[l]ْuːِ[t]ِّ[sʕ]َuː[l~]ُ,u:[l]ْu:ِ[t]ِّ[sʕ]َu:[l~]ُ,success,-
CHAR,الاتصال,1-initial,ا,ا,-,1,nucleus,emphatic_spread;gemination,uːِ,u:ِ,-,-
CHAR,الاتصال,2-medial,ل,لْ,-,1,onset,emphatic_spread;gemination,uːِ,u:ِ,-,-
CHAR,الاتصال,3-medial,ا,ا,-,1,nucleus,emphatic_spread;gemination,uːِ,u:ِ,-,-
CHAR,الاتصال,4-medial,ت,تِّ,-,2,onset,emphatic_spread;gemination,[t]ِّ,[t]ِّ,-,-
CHAR,الاتصال,5-medial,ص,صَ,-,2,onset,emphatic_spread;gemination,[t]ِّ,[t]ِّ,-,-
CHAR,الاتصال,6-medial,ا,ا,-,3,nucleus,emphatic_spread;gemination,[sʕ]َuː,[sʕ]َu:,-,-
CHAR,الاتصال,7-final,ل,لْ,-,3,onset,emphatic_spread;gemination,[sʕ]َuː,[sʕ]َu:,-,-
WORD,على,-,على,عَلَى,CV.CVC,-,-,-,[ʕ]َ[l~]َuː,[ʕ]َ[l~]َu:,success,-
CHAR,على,1-initial,ع,عَ,-,1,onset,-,[l~]َuː,[l~]َu:,-,-
CHAR,على,2-medial,ل,لَ,-,1,onset,-,[l~]َuː,[l~]َu:,-,-
CHAR,على,3-final,ى,ى,-,2,unknown,-,uː,u:,-,-
WORD,رقم,-,رقم,رَقْمٌ,CVC,-,-,emphatic_spread,[ɾ]َ[ʔ]ْ[m]ٌ,[ɾ]َ[ʔ]ْ[m]ٌ,success,-
CHAR,رقم,1-initial,ر,رَ,-,1,unknown,emphatic_spread,ɾ,ɾ,-,-
CHAR,رقم,2-medial,ق,قْ,-,1,unknown,emphatic_spread,q,q,-,-
CHAR,رقم,3-final,م,مٌ,-,1,unknown,emphatic_spread,m,m,-,-
WORD,في,-,في,فِي,CVV,-,-,-,[f]ِej,[f]ِej,success,-
CHAR,في,1-initial,ف,فِ,-,1,unknown,-,f,f,-,-
CHAR,في,2-final,ي,ي,-,1,unknown,-,ej,ej,-,-
WORD,حالة,-,حالة,حَالَةٌ,CVV.CVC,-,-,-,[ħ]َuː[l~]َ[æ]ٌ,[X\]َu:[l~]َ[æ]ٌ,success,-
CHAR,حالة,1-initial,ح,حَ,-,1,onset,-,[l~]َ[æ]ٌ,[l~]َ[æ]ٌ,-,-
CHAR,حالة,2-medial,ا,ا,-,1,nucleus,-,[l~]َ[æ]ٌ,[l~]َ[æ]ٌ,-,-
CHAR,حالة,3-medial,ل,لَ,-,1,onset,-,[l~]َ[æ]ٌ,[l~]َ[æ]ٌ,-,-
CHAR,حالة,4-final,ة,ةٌ,-,2,unknown,-,æ,æ,-,-
WORD,وجود,-,وجود,وُجُودٌ,CV.CVVC,-,-,-,ewُʒُow[d]ٌ,ewُZُow[d]ٌ,success,-
CHAR,وجود,1-initial,و,وُ,-,1,coda,-,ʒُow[d]ٌ,Zُow[d]ٌ,-,-
CHAR,وجود,2-medial,ج,جُ,-,1,onset,-,ʒُow[d]ٌ,Zُow[d]ٌ,-,-
CHAR,وجود,3-medial,و,وُ,-,2,unknown,-,ew,ew,-,-
CHAR,وجود,4-final,د,دٌ,-,2,unknown,-,d,d,-,-
WORD,أي,-,أي,أي,UNKNOWN,-,-,-,,,error,"diac,syl,ipa"
CHAR,أي,1-initial,أ,أ,-,0,unknown,-,ʔ,ʔ,-,-
CHAR,أي,2-final,ي,ي,-,0,unknown,-,ej,ej,-,-
WORD,استفسار,-,استفسار,اِسْتِفْسَارٌ,CV.UNKNOWN(CCVCCVVC),-,-,-,uːِ[s]ْ[t]ِ[f]ْ[s]َuː∅ٌ,u:ِ[s]ْ[t]ِ[f]ْ[s]َu:∅ٌ,warning,syl
CHAR,استفسار,1-initial,ا,اِ,-,1,nucleus,-,[s]ْ[t]ِ[f]ْ[s]َuː∅ٌ,[s]ْ[t]ِ[f]ْ[s]َu:∅ٌ,-,-
CHAR,استفسار,2-medial,س,سْ,-,1,onset,-,[s]ْ[t]ِ[f]ْ[s]َuː∅ٌ,[s]ْ[t]ِ[f]ْ[s]َu:∅ٌ,-,-
CHAR,استفسار,3-medial,ت,تِ,-,2,unknown,-,t,t,-,-
CHAR,استفسار,4-medial,ف,فْ,-,2,unknown,-,f,f,-,-
CHAR,استفسار,5-medial,س,سْ,-,2,unknown,-,s,s,-,-
CHAR,استفسار,6-medial,ا,اِ,-,2,unknown,-,uː,u:,-,-
CHAR,استفسار,7-final,ر,رٌ,-,2,unknown,-,ɾ,ɾ,-,-
WORD,وقالت,-,وقالت,وَقَالَتْ,CV.CVV.CVC,-,-,emphatic_spread,ewَ[ʔ]َuː[l~]َ[t]ْ,ewَ[ʔ]َu:[l~]َ[t]ْ,success,-
CHAR,وقالت,1-initial,و,وَ,-,1,onset,emphatic_spread,[ʔ]َuː,[ʔ]َu:,-,-
CHAR,وقالت,2-medial,ق,قَ,-,1,onset,emphatic_spread,[ʔ]َuː,[ʔ]َu:,-,-
CHAR,وقالت,3-medial,ا,ا,-,2,nucleus,emphatic_spread,[l~]َ[t]ْ,[l~]َ[t]ْ,-,-
CHAR,وقالت,4-medial,ل,لَ,-,2,onset,emphatic_spread,[l~]َ[t]ْ,[l~]َ[t]ْ,-,-
CHAR,وقالت,5-final,ت,تْ,-,2,coda,emphatic_spread,[l~]َ[t]ْ,[l~]َ[t]ْ,-,-
WORD,الزوجة,-,الزوجة,الزَّوْجَةُ,CC.CVV.CV.CV,-,-,sun_letters;gemination,uː[l]zَّowْʒَ[æ]ُ,u:[l]zَّowْZَ[æ]ُ,success,-
CHAR,الزوجة,1-initial,ا,ا,-,1,nucleus,sun_letters;gemination,zَّow,zَّow,-,-
CHAR,الزوجة,2-medial,ل,ل,-,1,onset,sun_letters;gemination,zَّow,zَّow,-,-
CHAR,الزوجة,3-medial,ز,زَّ,-,2,onset,sun_letters;gemination,ْʒَ,ْZَ,-,-
CHAR,الزوجة,4-medial,و,وْ,-,2,onset,sun_letters;gemination,ْʒَ,ْZَ,-,-
CHAR,الزوجة,5-medial,ج,جَ,-,2,coda,sun_letters;gemination,ْʒَ,ْZَ,-,-
CHAR,الزوجة,6-final,ة,ةُ,-,2,nucleus,sun_letters;gemination,ْʒَ,ْZَ,-,-
WORD,في,-,في,فِي,CVV,-,-,-,[f]ِej,[f]ِej,success,-
CHAR,في,1-initial,ف,فِ,-,1,unknown,-,f,f,-,-
CHAR,في,2-final,ي,ي,-,1,unknown,-,ej,ej,-,-
WORD,دعواها,-,دعواها,دَعَوَاهَا,CV.UNKNOWN(CVVVV).CVV,-,-,-,[d]َʔَowَuː∅َuː,[d]َʔَowَu:∅َu:,warning,syl
CHAR,دعواها,1-initial,د,دَ,-,1,onset,-,ʔَowَuː,ʔَowَu:,-,-
CHAR,دعواها,2-medial,ع,عَ,-,1,onset,-,ʔَowَuː,ʔَowَu:,-,-
CHAR,دعواها,3-medial,و,وَ,-,2,onset,-,∅َuː,∅َu:,-,-
CHAR,دعواها,4-medial,ا,ا,-,2,nucleus,-,∅َuː,∅َu:,-,-
CHAR,دعواها,5-medial,ه,هَ,-,2,onset,-,∅َuː,∅َu:,-,-
CHAR,دعواها,6-final,ا,ا,-,2,nucleus,-,∅َuː,∅َu:,-,-
WORD,إنها,-,إنها,إِنّهَا,UNKNOWN(CVCCVV),-,-,gemination,[ʔ]ِ[n]ّ[h]َuː,[ʔ]ِ[n]ّ[h]َu:,warning,syl
CHAR,إنها,1-initial,إ,إِ,-,1,unknown,gemination,ʔ,ʔ,-,-
CHAR,إنها,2-medial,ن,نّ,-,1,unknown,gemination,n,n,-,-
CHAR,إنها,3-medial,ه,هَ,-,1,unknown,gemination,h,h,-,-
CHAR,إنها,4-final,ا,ا,-,1,unknown,gemination,uː,u:,-,-
WORD,تزوجت,-,تزوجت,تَزَوَّجَتْ,CV.UNKNOWN(CVVV).CVC,-,-,gemination,[tʕ]َzَowَّʒَ[t]ْ,[tʕ]َzَowَّZَ[t]ْ,warning,syl
CHAR,تزوجت,1-initial,ت,تَ,-,1,onset,gemination,zَowَّ,zَowَّ,-,-
CHAR,تزوجت,2-medial,ز,زَ,-,1,onset,gemination,zَowَّ,zَowَّ,-,-
CHAR,تزوجت,3-medial,و,وَّ,-,2,onset,gemination,ʒَ[t]ْ,Zَ[t]ْ,-,-
CHAR,تزوجت,4-medial,ج,جَ,-,2,onset,gemination,ʒَ[t]ْ,Zَ[t]ْ,-,-
CHAR,تزوجت,5-final,ت,تَ,-,2,coda,gemination,ʒَ[t]ْ,Zَ[t]ْ,-,-
WORD,عن,-,عن,عَن,CVC,-,-,-,[ʕ]َ[n],[ʕ]َ[n],success,-
CHAR,عن,1-initial,ع,عَ,-,1,unknown,-,ʕ,ʕ,-,-
CHAR,عن,2-final,ن,ن,-,1,unknown,-,n,n,-,-
WORD,حب,-,حب,حُبٌّ,CVC,-,-,gemination,[ħ]ُ[b]ٌّ,[X\]ُ[b]ٌّ,success,-
CHAR,حب,1-initial,ح,حُ,-,1,unknown,gemination,ħ,X\,-,-
CHAR,حب,2-final,ب,بٌّ,-,1,unknown,gemination,b,b,-,-
WORD,وكانت,-,وكانت,وكانت,UNKNOWN,-,-,-,,,error,"diac,syl,ipa"
CHAR,وكانت,1-initial,و,و,-,0,unknown,-,ew,ew,-,-
CHAR,وكانت,2-medial,ك,ك,-,0,unknown,-,k,k,-,-
CHAR,وكانت,3-medial,ا,ا,-,0,unknown,-,uː,u:,-,-
CHAR,وكانت,4-medial,ن,ن,-,0,unknown,-,n,n,-,-
CHAR,وكانت,5-final,ت,ت,-,0,unknown,-,t,t,-,-
WORD,تتطلع,-,تتطلع,تَتَطَلَّعُ,CV.CV.CV.CV.CV,-,-,emphatic_spread;gemination,[tʕ]َ[t]َ[tʕ]َ[l]َّ[ʕ]ُ,[tʕ]َ[t]َ[tʕ]َ[l]َّ[ʕ]ُ,success,-
CHAR,تتطلع,1-initial,ت,تَ,-,1,onset,emphatic_spread;gemination,[t]َ,[t]َ,-,-
CHAR,تتطلع,2-medial,ت,تَ,-,1,onset,emphatic_spread;gemination,[t]َ,[t]َ,-,-
CHAR,تتطلع,3-medial,ط,طَ,-,2,onset,emphatic_spread;gemination,[tʕ]َ,[tʕ]َ,-,-
CHAR,تتطلع,4-medial,ل,لَّ,-,2,onset,emphatic_spread;gemination,[tʕ]َ,[tʕ]َ,-,-
CHAR,تتطلع,5-final,ع,عُ,-,3,onset,emphatic_spread;gemination,[l]َّ,[l]َّ,-,-
WORD,إلى,-,إلى,إِلَى,CV.CVC,-,-,-,[ʔ]ِ[l~]َuː,[ʔ]ِ[l~]َu:,success,-
CHAR,إلى,1-initial,إ,إِ,-,1,nucleus,-,[l~]َuː,[l~]َu:,-,-
CHAR,إلى,2-medial,ل,لَ,-,1,onset,-,[l~]َuː,[l~]َu:,-,-
CHAR,إلى,3-final,ى,ى,-,2,unknown,-,uː,u:,-,-
WORD,حياة,-,حياة,حَيَاةٌ,UNKNOWN(CVVVVC),-,-,-,[ħ]َejَuːæٌ,[X\]َejَu:æٌ,warning,syl
CHAR,حياة,1-initial,ح,حَ,-,1,unknown,-,ħ,X\,-,-
CHAR,حياة,2-medial,ي,يَ,-,1,unknown,-,ej,ej,-,-
CHAR,حياة,3-medial,ا,ا,-,1,unknown,-,uː,u:,-,-
CHAR,حياة,4-final,ة,ةٌ,-,1,unknown,-,æ,æ,-,-
WORD,مستقلة,-,مستقلة,مُسْتَقِلَّةٌ,CV.CCV.CV.CVC,-,-,emphatic_spread;gemination,[m]ُ[s]ْ[t]َ[ʔ]ِ[l~]َّ[æ]ٌ,[m]ُ[s]ْ[t]َ[ʔ]ِ[l~]َّ[æ]ٌ,success,-
CHAR,مستقلة,1-initial,م,مُ,-,1,onset,emphatic_spread;gemination,[s]ْ[t]َ,[s]ْ[t]َ,-,-
CHAR,مستقلة,2-medial,س,سْ,-,1,onset,emphatic_spread;gemination,[s]ْ[t]َ,[s]ْ[t]َ,-,-
CHAR,مستقلة,3-medial,ت,تَ,-,2,onset,emphatic_spread;gemination,[ʔ]ِ,[ʔ]ِ,-,-
CHAR,مستقلة,4-medial,ق,قِ,-,2,onset,emphatic_spread;gemination,[ʔ]ِ,[ʔ]ِ,-,-
CHAR,مستقلة,5-medial,ل,لَّ,-,2,onset,emphatic_spread;gemination,[ʔ]ِ,[ʔ]ِ,-,-
CHAR,مستقلة,6-final,ة,ةٌ,-,2,nucleus,emphatic_spread;gemination,[ʔ]ِ,[ʔ]ِ,-,-
WORD,قائمة,-,قائمة,قَائِمَةٌ,CVV.CV.CVC,-,-,emphatic_spread,[ʔ]َuːʔِ[m]َ[æ]ٌ,[ʔ]َu:ʔِ[m]َ[æ]ٌ,success,-
CHAR,قائمة,1-initial,ق,قَ,-,1,onset,emphatic_spread,ʔِ,ʔِ,-,-
CHAR,قائمة,2-medial,ا,ا,-,1,nucleus,emphatic_spread,ʔِ,ʔِ,-,-
CHAR,قائمة,3-medial,ئ,ئِ,-,1,nucleus,emphatic_spread,ʔِ,ʔِ,-,-
CHAR,قائمة,4-medial,م,مَ,-,2,onset,emphatic_spread,[m]َ[æ]ٌ,[m]َ[æ]ٌ,-,-
CHAR,قائمة,5-final,ة,ةٌ,-,2,nucleus,emphatic_spread,[m]َ[æ]ٌ,[m]َ[æ]ٌ,-,-
WORD,على,-,على,عَلَى,CV.CVC,-,-,-,[ʕ]َ[l~]َuː,[ʕ]َ[l~]َu:,success,-
CHAR,على,1-initial,ع,عَ,-,1,onset,-,[l~]َuː,[l~]َu:,-,-
CHAR,على,2-medial,ل,لَ,-,1,onset,-,[l~]َuː,[l~]َu:,-,-
CHAR,على,3-final,ى,ى,-,2,unknown,-,uː,u:,-,-
WORD,التفاهم,-,التفاهم,التَّفَاهُمُ,CC.CV.CVV.CV.CV,-,-,sun_letters;gemination,uː[l][t]َّfَuː∅ُ[m]ُ,u:[l][t]َّfَu:∅ُ[m]ُ,success,-
CHAR,التفاهم,1-initial,ا,ا,-,1,nucleus,sun_letters;gemination,[t]َّ,[t]َّ,-,-
CHAR,التفاهم,2-medial,ل,ل,-,1,onset,sun_letters;gemination,[t]َّ,[t]َّ,-,-
CHAR,التفاهم,3-medial,ت,تَّ,-,2,onset,sun_letters;gemination,fَuː,fَu:,-,-
CHAR,التفاهم,4-medial,ف,فَ,-,2,onset,sun_letters;gemination,fَuː,fَu:,-,-
CHAR,التفاهم,5-medial,ا,ا,-,2,nucleus,sun_letters;gemination,fَuː,fَu:,-,-
CHAR,التفاهم,6-medial,ه,هُ,-,3,onset,sun_letters;gemination,∅ُ,∅ُ,-,-
CHAR,التفاهم,7-final,م,مُ,-,3,onset,sun_letters;gemination,∅ُ,∅ُ,-,-
WORD,والمشاركة,-,والمشاركة,وَالْمُشَارَكَةُ,CVV.CCV.CVV.CV.CV.CV,-,-,-,ewَuː[l]ْ[m]ُ[ʃ]َuː[ɾ]َ[k͡x]َ[æ]ُ,ewَu:[l]ْ[m]ُ[S]َu:[ɾ]َ[k͡x]َ[æ]ُ,success,-
CHAR,والمشاركة,1-initial,و,وَ,-,1,onset,-,[l]ْ[m]ُ,[l]ْ[m]ُ,-,-
CHAR,والمشاركة,2-medial,ا,ا,-,1,nucleus,-,[l]ْ[m]ُ,[l]ْ[m]ُ,-,-
CHAR,والمشاركة,3-medial,ل,لْ,-,1,onset,-,[l]ْ[m]ُ,[l]ْ[m]ُ,-,-
CHAR,والمشاركة,4-medial,م,مُ,-,2,onset,-,[ʃ]َuː,[S]َu:,-,-
CHAR,والمشاركة,5-medial,ش,شَ,-,2,onset,-,[ʃ]َuː,[S]َu:,-,-
CHAR,والمشاركة,6-medial,ا,ا,-,2,nucleus,-,[ʃ]َuː,[S]َu:,-,-
CHAR,والمشاركة,7-medial,ر,رَ,-,2,onset,-,[ʃ]َuː,[S]َu:,-,-
CHAR,والمشاركة,8-medial,ك,كَ,-,3,onset,-,[ɾ]َ,[ɾ]َ,-,-
CHAR,والمشاركة,9-final,ة,ةُ,-,3,nucleus,-,[ɾ]َ,[ɾ]َ,-,-
WORD,لكنها,-,لكنها,لَكِنّهَا,CV.UNKNOWN(CVCCVV),-,-,gemination,[l]َ[k]ِ[n~]ّ∅َuː,[l]َ[k]ِ[n~]ّ∅َu:,warning,syl
CHAR,لكنها,1-initial,ل,لَ,-,1,onset,gemination,[k]ِ[n~]ّ∅َuː,[k]ِ[n~]ّ∅َu:,-,-
CHAR,لكنها,2-medial,ك,كِ,-,1,onset,gemination,[k]ِ[n~]ّ∅َuː,[k]ِ[n~]ّ∅َu:,-,-
CHAR,لكنها,3-medial,ن,نّ,-,2,unknown,gemination,n,n,-,-
CHAR,لكنها,4-medial,ه,هَ,-,2,unknown,gemination,h,h,-,-
CHAR,لكنها,5-final,ا,ا,-,2,unknown,gemination,uː,u:,-,-
WORD,فوجئت,-,فوجئت,فُوجِئَتْ,CVV.CV.CVC,-,-,-,[f]ُewʒِʔَ[t]ْ,[f]ُewZِʔَ[t]ْ,success,-
CHAR,فوجئت,1-initial,ف,فُ,-,1,onset,-,ʒِ,Zِ,-,-
CHAR,فوجئت,2-medial,و,و,-,1,onset,-,ʒِ,Zِ,-,-
CHAR,فوجئت,3-medial,ج,جِ,-,1,onset,-,ʒِ,Zِ,-,-
CHAR,فوجئت,4-medial,ئ,ئَ,-,2,nucleus,-,ʔَ[t]ْ,ʔَ[t]ْ,-,-
CHAR,فوجئت,5-final,ت,تْ,-,2,coda,-,ʔَ[t]ْ,ʔَ[t]ْ,-,-
WORD,بعد,-,بعد,بَعْد,CVCC,-,-,-,[b]َ[ʕ]ْ[d],[b]َ[ʕ]ْ[d],success,-
CHAR,بعد,1-initial,ب,بَ,-,1,unknown,-,b,b,-,-
CHAR,بعد,2-medial,ع,عْ,-,1,unknown,-,ʕ,ʕ,-,-
CHAR,بعد,3-final,د,د,-,1,unknown,-,d,d,-,-
WORD,الزواج,-,الزواج,الزَّوَاجُ,CC.UNKNOWN(CVVVV).CV,-,-,sun_letters;gemination,uː[l]zَّowَuːʒُ,u:[l]zَّowَu:Zُ,warning,syl
CHAR,الزواج,1-initial,ا,ا,-,1,nucleus,sun_letters;gemination,zَّowَuː,zَّowَu:,-,-
CHAR,الزواج,2-medial,ل,ل,-,1,onset,sun_letters;gemination,zَّowَuː,zَّowَu:,-,-
CHAR,الزواج,3-medial,ز,زَّ,-,2,onset,sun_letters;gemination,ʒُ,Zُ,-,-
CHAR,الزواج,4-medial,و,وَ,-,2,onset,sun_letters;gemination,ʒُ,Zُ,-,-
CHAR,الزواج,5-medial,ا,ا,-,2,nucleus,sun_letters;gemination,ʒُ,Zُ,-,-
CHAR,الزواج,6-final,ج,جُ,-,2,onset,sun_letters;gemination,ʒُ,Zُ,-,-
WORD,بفرض,-,بفرض,بِفَرْضٍ,CV.CVC,-,-,emphatic_spread,[b]ِ[f]َ∅ْ[dʕ]ٍ,[b]ِ[f]َ∅ْ[dʕ]ٍ,success,-
CHAR,بفرض,1-initial,ب,بِ,-,1,onset,emphatic_spread,[f]َ∅ْ[dʕ]ٍ,[f]َ∅ْ[dʕ]ٍ,-,-
CHAR,بفرض,2-medial,ف,فَ,-,1,onset,emphatic_spread,[f]َ∅ْ[dʕ]ٍ,[f]َ∅ْ[dʕ]ٍ,-,-
CHAR,بفرض,3-medial,ر,رْ,-,2,unknown,emphatic_spread,ɾ,ɾ,-,-
CHAR,بفرض,4-final,ض,ضٍ,-,2,unknown,emphatic_spread,dʕ,dʕ,-,-
WORD,زوجها,-,زوجها,زَوَّجَهَا,UNKNOWN(CVVV).CV.CVV,-,-,gemination,zʕَewَّʒَ∅َuː,zʕَewَّZَ∅َu:,warning,syl
CHAR,زوجها,1-initial,ز,زَ,-,1,onset,gemination,ʒَ,Zَ,-,-
CHAR,زوجها,2-medial,و,وَّ,-,1,onset,gemination,ʒَ,Zَ,-,-
CHAR,زوجها,3-medial,ج,جَ,-,1,onset,gemination,ʒَ,Zَ,-,-
CHAR,زوجها,4-medial,ه,هَ,-,1,onset,gemination,ʒَ,Zَ,-,-
CHAR,زوجها,5-final,ا,ا,-,1,nucleus,gemination,ʒَ,Zَ,-,-
WORD,نظامًا,-,نظامًا,نِظَامًا,CV.UNKNOWN(CVVCC),-,-,emphatic_spread,[n]ِ[zʕ]َuː[m]ًuː,[n]ِ[zʕ]َu:[m]ًu:,warning,syl
CHAR,نظامًا,1-initial,ن,نِ,-,1,onset,emphatic_spread,[zʕ]َuː[m]ًuː,[zʕ]َu:[m]ًu:,-,-
CHAR,نظامًا,2-medial,ظ,ظَ,-,1,onset,emphatic_spread,[zʕ]َuː[m]ًuː,[zʕ]َu:[m]ًu:,-,-
CHAR,نظامًا,3-medial,ا,ا,-,2,unknown,emphatic_spread,uː,u:,-,-
CHAR,نظامًا,4-medial,م,مً,-,2,unknown,emphatic_spread,m,m,-,-
CHAR,نظامًا,5-medial,ً,ً,-,2,unknown,emphatic_spread,,,-,-
CHAR,نظامًا,6-final,ا,ا,-,2,unknown,emphatic_spread,uː,u:,-,-
WORD,ثابتًا,-,ثابتًا,ثَابِتًا,CVV.CVC,-,-,-,tَuː[b]ِ[t]ًuː,tَu:[b]ِ[t]ًu:,success,-
CHAR,ثابتًا,1-initial,ث,ثَ,-,1,onset,-,[b]ِ[t]ًuː,[b]ِ[t]ًu:,-,-
CHAR,ثابتًا,2-medial,ا,ا,-,1,nucleus,-,[b]ِ[t]ًuː,[b]ِ[t]ًu:,-,-
CHAR,ثابتًا,3-medial,ب,بِ,-,1,onset,-,[b]ِ[t]ًuː,[b]ِ[t]ًu:,-,-
CHAR,ثابتًا,4-medial,ت,تً,-,2,unknown,-,t,t,-,-
CHAR,ثابتًا,5-medial,ً,ً,-,2,unknown,-,,,-,-
CHAR,ثابتًا,6-final,ا,ا,-,2,unknown,-,uː,u:,-,-
WORD,لا,-,لا,لَا,CVV,-,-,-,[l]َuː,[l]َu:,success,-
CHAR,لا,1-initial,ل,لَ,-,1,unknown,-,l,l,-,-
CHAR,لا,2-final,ا,ا,-,1,unknown,-,uː,u:,-,-
WORD,يقبل,-,يقبل,يَقْبَلُ,CV.CCV.CV,-,-,emphatic_spread,ejَ[ʔ]ْbَ[l~]ُ,ejَ[ʔ]ْbَ[l~]ُ,success,-
CHAR,يقبل,1-initial,ي,يَ,-,1,onset,emphatic_spread,[ʔ]ْbَ,[ʔ]ْbَ,-,-
CHAR,يقبل,2-medial,ق,قْ,-,1,onset,emphatic_spread,[ʔ]ْbَ,[ʔ]ْbَ,-,-
CHAR,يقبل,3-medial,ب,بَ,-,2,onset,emphatic_spread,[l~]ُ,[l~]ُ,-,-
CHAR,يقبل,4-final,ل,لُ,-,2,onset,emphatic_spread,[l~]ُ,[l~]ُ,-,-
WORD,التغيير,-,التغيير,التَّغْيِيرُ,CC.UNKNOWN(CVCCVV).CV,-,-,sun_letters;gemination,uː[l][t]َّ[ʁː]ْejِej∅ُ,u:[l][t]َّ[X:]ْejِej∅ُ,warning,syl
CHAR,التغيير,1-initial,ا,ا,-,1,nucleus,sun_letters;gemination,[t]َّ[ʁː]ْejِej,[t]َّ[X:]ْejِej,-,-
CHAR,التغيير,2-medial,ل,ل,-,1,onset,sun_letters;gemination,[t]َّ[ʁː]ْejِej,[t]َّ[X:]ْejِej,-,-
CHAR,التغيير,3-medial,ت,تَّ,-,2,onset,sun_letters;gemination,∅ُ,∅ُ,-,-
CHAR,التغيير,4-medial,غ,غْ,-,2,onset,sun_letters;gemination,∅ُ,∅ُ,-,-
CHAR,التغيير,5-medial,ي,يِ,-,2,onset,sun_letters;gemination,∅ُ,∅ُ,-,-
CHAR,التغيير,6-medial,ي,يِ,-,2,onset,sun_letters;gemination,∅ُ,∅ُ,-,-
CHAR,التغيير,7-final,ر,رُ,-,2,onset,sun_letters;gemination,∅ُ,∅ُ,-,-
WORD,يتمثل,-,يتمثل,يَتَمَثَّلُ,CV.CV.CV.CV.CV,-,-,gemination,ejَ[t]َ[m]َtَّ[l~]ُ,ejَ[t]َ[m]َtَّ[l~]ُ,success,-
CHAR,يتمثل,1-initial,ي,يَ,-,1,onset,gemination,[t]َ,[t]َ,-,-
CHAR,يتمثل,2-medial,ت,تَ,-,1,onset,gemination,[t]َ,[t]َ,-,-
CHAR,يتمثل,3-medial,م,مَ,-,2,onset,gemination,[m]َ,[m]َ,-,-
CHAR,يتمثل,4-medial,ث,ثَّ,-,2,onset,gemination,[m]َ,[m]َ,-,-
CHAR,يتمثل,5-final,ل,لُ,-,3,onset,gemination,tَّ,tَّ,-,-
WORD,في,-,في,فِي,CVV,-,-,-,[f]ِej,[f]ِej,success,-
CHAR,في,1-initial,ف,فِ,-,1,unknown,-,f,f,-,-
CHAR,في,2-final,ي,ي,-,1,unknown,-,ej,ej,-,-
WORD,زيارة,-,زيارة,زِيَارَةٌ,UNKNOWN(CVVVV).CVC,-,-,-,zʕِejَuː∅َ[æ]ٌ,zʕِejَu:∅َ[æ]ٌ,warning,syl
CHAR,زيارة,1-initial,ز,زِ,-,1,onset,-,∅َ[æ]ٌ,∅َ[æ]ٌ,-,-
CHAR,زيارة,2-medial,ي,يَ,-,1,onset,-,∅َ[æ]ٌ,∅َ[æ]ٌ,-,-
CHAR,زيارة,3-medial,ا,ا,-,1,nucleus,-,∅َ[æ]ٌ,∅َ[æ]ٌ,-,-
CHAR,زيارة,4-medial,ر,رَ,-,1,onset,-,∅َ[æ]ٌ,∅َ[æ]ٌ,-,-
CHAR,زيارة,5-final,ة,ةٌ,-,1,nucleus,-,∅َ[æ]ٌ,∅َ[æ]ٌ,-,-
WORD,والدته,-,والدته,وَالِدَتُهُ,CVV.CV.CV.CV.CV,-,-,-,ewَuː[l]ِdَ[t]ُ∅ُ,ewَu:[l]ِdَ[t]ُ∅ُ,success,-
CHAR,والدته,1-initial,و,وَ,-,1,onset,-,[l]ِ,[l]ِ,-,-
CHAR,والدته,2-medial,ا,ا,-,1,nucleus,-,[l]ِ,[l]ِ,-,-
CHAR,والدته,3-medial,ل,لِ,-,1,onset,-,[l]ِ,[l]ِ,-,-
CHAR,والدته,4-medial,د,دَ,-,2,onset,-,dَ,dَ,-,-
CHAR,والدته,5-medial,ت,تُ,-,2,onset,-,dَ,dَ,-,-
CHAR,والدته,6-final,ه,هُ,-,3,onset,-,[t]ُ,[t]ُ,-,-
WORD,أسبوعيًا,-,أسبوعيًا,أُسْبُوعيا,UNKNOWN(CVCCVVCCC),-,-,-,[ʔ]ُ[sʕ]ْ[b]ُew[ʕ]ejuː,[ʔ]ُ[sʕ]ْ[b]ُew[ʕ]eju:,warning,syl
CHAR,أسبوعيًا,1-initial,أ,أُ,-,1,unknown,-,ʔ,ʔ,-,-
CHAR,أسبوعيًا,2-medial,س,سْ,-,1,unknown,-,s,s,-,-
CHAR,أسبوعيًا,3-medial,ب,بُ,-,1,unknown,-,b,b,-,-
CHAR,أسبوعيًا,4-medial,و,و,-,1,unknown,-,ew,ew,-,-
CHAR,أسبوعيًا,5-medial,ع,ع,-,1,unknown,-,ʕ,ʕ,-,-
CHAR,أسبوعيًا,6-medial,ي,ي,-,1,unknown,-,ej,ej,-,-
CHAR,أسبوعيًا,7-medial,ً,ً,-,1,unknown,-,,,-,-
CHAR,أسبوعيًا,8-final,ا,ا,-,1,unknown,-,uː,u:,-,-
WORD,في,-,في,فِي,CVV,-,-,-,[f]ِej,[f]ِej,success,-
CHAR,في,1-initial,ف,فِ,-,1,unknown,-,f,f,-,-
CHAR,في,2-final,ي,ي,-,1,unknown,-,ej,ej,-,-
WORD,يوم,-,يوم,يَوْمٌ,CVVC,-,-,-,ejَewْ[m]ٌ,ejَewْ[m]ٌ,success,-
CHAR,يوم,1-initial,ي,يَ,-,1,unknown,-,ej,ej,-,-
CHAR,يوم,2-medial,و,وْ,-,1,unknown,-,ew,ew,-,-
CHAR,يوم,3-final,م,مٌ,-,1,unknown,-,m,m,-,-
WORD,محدد,-,محدد,مُحَدَّدٌ,CV.CV.CVC,-,-,gemination,[m]ُ[h]َ[d]َّ[d]ٌ,[m]ُ[h]َ[d]َّ[d]ٌ,success,-
CHAR,محدد,1-initial,م,مُ,-,1,onset,gemination,[h]َ,[h]َ,-,-
CHAR,محدد,2-medial,ح,حَ,-,1,onset,gemination,[h]َ,[h]َ,-,-
CHAR,محدد,3-medial,د,دَّ,-,2,onset,gemination,[d]َّ[d]ٌ,[d]َّ[d]ٌ,-,-
CHAR,محدد,4-final,د,دَّ,-,2,onset,gemination,[d]َّ[d]ٌ,[d]َّ[d]ٌ,-,-
WORD,دون,-,دون,دُون,CVVC,-,-,-,[d]ُew[n],[d]ُew[n],success,-
CHAR,دون,1-initial,د,دُ,-,1,unknown,-,d,d,-,-
CHAR,دون,2-medial,و,و,-,1,unknown,-,ew,ew,-,-
CHAR,دون,3-final,ن,ن,-,1,unknown,-,n,n,-,-
WORD,مراعاة,-,مراعاة,مُرَاعَاةٌ,CV.CVV.CVVC,-,-,-,[m]ُ[ɾ]َuː[ʕ]َuː[æ]ٌ,[m]ُ[ɾ]َu:[ʕ]َu:[æ]ٌ,success,-
CHAR,مراعاة,1-initial,م,مُ,-,1,onset,-,[ɾ]َuː,[ɾ]َu:,-,-
CHAR,مراعاة,2-medial,ر,رَ,-,1,onset,-,[ɾ]َuː,[ɾ]َu:,-,-
CHAR,مراعاة,3-medial,ا,ا,-,2,nucleus,-,[ʕ]َuː[æ]ٌ,[ʕ]َu:[æ]ٌ,-,-
CHAR,مراعاة,4-medial,ع,عَ,-,2,onset,-,[ʕ]َuː[æ]ٌ,[ʕ]َu:[æ]ٌ,-,-
CHAR,مراعاة,5-medial,ا,ا,-,2,nucleus,-,[ʕ]َuː[æ]ٌ,[ʕ]َu:[æ]ٌ,-,-
CHAR,مراعاة,6-final,ة,ةٌ,-,3,unknown,-,æ,æ,-,-
WORD,لظروفها,-,لظروفها,لِظُروفُهَا,CV.UNKNOWN(CVCCCV).CVV,-,-,emphatic_spread,[l]ِ[zʕ]ُ[ɾ]owfُ∅َuː,[l]ِ[zʕ]ُ[ɾ]owfُ∅َu:,warning,syl
CHAR,لظروفها,1-initial,ل,لِ,-,1,onset,emphatic_spread,[zʕ]ُ[ɾ]owfُ,[zʕ]ُ[ɾ]owfُ,-,-
CHAR,لظروفها,2-medial,ظ,ظُ,-,1,onset,emphatic_spread,[zʕ]ُ[ɾ]owfُ,[zʕ]ُ[ɾ]owfُ,-,-
CHAR,لظروفها,3-medial,ر,ر,-,2,onset,emphatic_spread,∅َuː,∅َu:,-,-
CHAR,لظروفها,4-medial,و,و,-,2,onset,emphatic_spread,∅َuː,∅َu:,-,-
CHAR,لظروفها,5-medial,ف,فُ,-,2,onset,emphatic_spread,∅َuː,∅َu:,-,-
CHAR,لظروفها,6-medial,ه,هَ,-,2,onset,emphatic_spread,∅َuː,∅َu:,-,-
CHAR,لظروفها,7-final,ا,ا,-,2,nucleus,emphatic_spread,∅َuː,∅َu:,-,-
WORD,أو,-,أو,أَو,CVV,-,-,-,[ʔ]َew,[ʔ]َew,success,-
CHAR,أو,1-initial,أ,أَ,-,1,unknown,-,ʔ,ʔ,-,-
CHAR,أو,2-final,و,و,-,1,unknown,-,ew,ew,-,-
WORD,رغبتها,-,رغبتها,رَغِبَتْهَا,CV.CV.UNKNOWN(CVCCVV),-,-,-,[ɾ]َ[ʁː]ِ[b]َ[t]ْ∅َuː,[ɾ]َ[X:]ِ[b]َ[t]ْ∅َu:,warning,syl
CHAR,رغبتها,1-initial,ر,رَ,-,1,onset,-,[ʁː]ِ,[X:]ِ,-,-
CHAR,رغبتها,2-medial,غ,غِ,-,1,onset,-,[ʁː]ِ,[X:]ِ,-,-
CHAR,رغبتها,3-medial,ب,بَ,-,2,onset,-,[b]َ[t]ْ∅َuː,[b]َ[t]ْ∅َu:,-,-
CHAR,رغبتها,4-medial,ت,تْ,-,2,coda,-,[b]َ[t]ْ∅َuː,[b]َ[t]ْ∅َu:,-,-
CHAR,رغبتها,5-medial,ه,هَ,-,3,unknown,-,h,h,-,-
CHAR,رغبتها,6-final,ا,ا,-,3,unknown,-,uː,u:,-,-
WORD,وأضافت,-,وأضافت,وَأَضَافَتْ,CV.CV.CVV.CVC,-,-,emphatic_spread,ewَ∅َdʕَuː[f]َ[t]ْ,ewَ∅َdʕَu:[f]َ[t]ْ,success,-
CHAR,وأضافت,1-initial,و,وَ,-,1,onset,emphatic_spread,∅َ,∅َ,-,-
CHAR,وأضافت,2-medial,أ,أَ,-,1,nucleus,emphatic_spread,∅َ,∅َ,-,-
CHAR,وأضافت,3-medial,ض,ضَ,-,2,onset,emphatic_spread,dʕَuː,dʕَu:,-,-
CHAR,وأضافت,4-medial,ا,ا,-,2,nucleus,emphatic_spread,dʕَuː,dʕَu:,-,-
CHAR,وأضافت,5-medial,ف,فَ,-,3,onset,emphatic_spread,[f]َ[t]ْ,[f]َ[t]ْ,-,-
CHAR,وأضافت,6-final,ت,تْ,-,3,coda,emphatic_spread,[f]َ[t]ْ,[f]َ[t]ْ,-,-
WORD,كل,-,كل,كُلّ,CVC,-,-,gemination,[k]ُ[l]ّ,[k]ُ[l]ّ,success,-
CHAR,كل,1-initial,ك,كُ,-,1,unknown,gemination,k,k,-,-
CHAR,كل,2-final,ل,لّ,-,1,unknown,gemination,l,l,-,-
WORD,أسبوع,-,أسبوع,أُسْبُوعٌ,UNKNOWN(CVCCVVC),-,-,-,[ʔ]ُ[sʕ]ْ[b]ُew[ʕ]ٌ,[ʔ]ُ[sʕ]ْ[b]ُew[ʕ]ٌ,warning,syl
CHAR,أسبوع,1-initial,أ,أُ,-,1,unknown,-,ʔ,ʔ,-,-
CHAR,أسبوع,2-medial,س,سْ,-,1,unknown,-,s,s,-,-
CHAR,أسبوع,3-medial,ب,بُ,-,1,unknown,-,b,b,-,-
CHAR,أسبوع,4-medial,و,و,-,1,unknown,-,ew,ew,-,-
CHAR,أسبوع,5-final,ع,عٌ,-,1,unknown,-,ʕ,ʕ,-,-
WORD,نفس,-,نفس,نَفْس,CVCC,-,-,-,[n]َ[f]ْ[sʕ],[n]َ[f]ْ[sʕ],success,-
CHAR,نفس,1-initial,ن,نَ,-,1,unknown,-,n,n,-,-
CHAR,نفس,2-medial,ف,فْ,-,1,unknown,-,f,f,-,-
CHAR,نفس,3-final,س,س,-,1,unknown,-,s,s,-,-
WORD,اليوم,-,اليوم,الْيَوْمُ,CC.CVV.CV,-,-,-,uː[l]ْejَowْ[m]ُ,u:[l]ْejَowْ[m]ُ,success,-
CHAR,اليوم,1-initial,ا,ا,-,1,nucleus,-,ejَow,ejَow,-,-
CHAR,اليوم,2-medial,ل,لْ,-,1,onset,-,ejَow,ejَow,-,-
CHAR,اليوم,3-medial,ي,يَ,-,1,onset,-,ejَow,ejَow,-,-
CHAR,اليوم,4-medial,و,وْ,-,2,onset,-,ْ[m]ُ,ْ[m]ُ,-,-
CHAR,اليوم,5-final,م,مُ,-,2,coda,-,ْ[m]ُ,ْ[m]ُ,-,-
WORD,ونفس,-,ونفس,ونَفْس,UNKNOWN(CCVCC),-,-,-,ew[n]َ[f]ْ[sʕ],ew[n]َ[f]ْ[sʕ],warning,syl
CHAR,ونفس,1-initial,و,و,-,1,unknown,-,ew,ew,-,-
CHAR,ونفس,2-medial,ن,نَ,-,1,unknown,-,n,n,-,-
CHAR,ونفس,3-medial,ف,فْ,-,1,unknown,-,f,f,-,-
CHAR,ونفس,4-final,س,س,-,1,unknown,-,s,s,-,-
WORD,الزيارة,-,الزيارة,الزِّيَارَةُ,CC.UNKNOWN(CVVVV).CV.CV,-,-,sun_letters;gemination,uː[l]zِّejَuː[ɾ]َ[æ]ُ,u:[l]zِّejَu:[ɾ]َ[æ]ُ,warning,syl
CHAR,الزيارة,1-initial,ا,ا,-,1,nucleus,sun_letters;gemination,zِّejَuː,zِّejَu:,-,-
CHAR,الزيارة,2-medial,ل,ل,-,1,onset,sun_letters;gemination,zِّejَuː,zِّejَu:,-,-
CHAR,الزيارة,3-medial,ز,زِّ,-,2,onset,sun_letters;gemination,[ɾ]َ,[ɾ]َ,-,-
CHAR,الزيارة,4-medial,ي,يَ,-,2,onset,sun_letters;gemination,[ɾ]َ,[ɾ]َ,-,-
CHAR,الزيارة,5-medial,ا,ا,-,2,nucleus,sun_letters;gemination,[ɾ]َ,[ɾ]َ,-,-
CHAR,الزيارة,6-medial,ر,رَ,-,2,onset,sun_letters;gemination,[ɾ]َ,[ɾ]َ,-,-
CHAR,الزيارة,7-final,ة,ةُ,-,2,nucleus,sun_letters;gemination,[ɾ]َ,[ɾ]َ,-,-
WORD,ونفس,-,ونفس,ونَفْس,UNKNOWN(CCVCC),-,-,-,ew[n]َ[f]ْ[sʕ],ew[n]َ[f]ْ[sʕ],warning,syl
CHAR,ونفس,1-initial,و,و,-,1,unknown,-,ew,ew,-,-
CHAR,ونفس,2-medial,ن,نَ,-,1,unknown,-,n,n,-,-
CHAR,ونفس,3-medial,ف,فْ,-,1,unknown,-,f,f,-,-
CHAR,ونفس,4-final,س,س,-,1,unknown,-,s,s,-,-
WORD,الكلام,-,الكلام,الْكِلَاَمُ,CC.CV.UNKNOWN(CVVV).CV,-,-,-,uː[l]ْ[k͡x]ِ[l]َuːَ[m]ُ,u:[l]ْ[k͡x]ِ[l]َu:َ[m]ُ,warning,syl
CHAR,الكلام,1-initial,ا,ا,-,1,nucleus,-,[k͡x]ِ,[k͡x]ِ,-,-
CHAR,الكلام,2-medial,ل,لْ,-,1,onset,-,[k͡x]ِ,[k͡x]ِ,-,-
CHAR,الكلام,3-medial,ك,كِ,-,1,onset,-,[k͡x]ِ,[k͡x]ِ,-,-
CHAR,الكلام,4-medial,ل,لْ,-,2,onset,-,[l]َuːَ,[l]َu:َ,-,-
CHAR,الكلام,5-medial,ا,ا,-,2,nucleus,-,[l]َuːَ,[l]َu:َ,-,-
CHAR,الكلام,6-final,م,مُ,-,3,onset,-,[m]ُ,[m]ُ,-,-
WORD,وبحس,-,وبحس,وَبِحِسٍّ,CV.CV.CVC,-,-,gemination,ewَbِ[ħ]ِ[s]ٍّ,ewَbِ[X\]ِ[s]ٍّ,success,-
CHAR,وبحس,1-initial,و,وَ,-,1,onset,gemination,bِ,bِ,-,-
CHAR,وبحس,2-medial,ب,بِ,-,1,onset,gemination,bِ,bِ,-,-
CHAR,وبحس,3-medial,ح,حِ,-,2,onset,gemination,[ħ]ِ[s]ٍّ,[X\]ِ[s]ٍّ,-,-
CHAR,وبحس,4-final,س,سٍّ,-,2,coda,gemination,[ħ]ِ[s]ٍّ,[X\]ِ[s]ٍّ,-,-
WORD,إن,-,إن,إِنّ,CVC,-,-,gemination,[ʔ]ِ[n]ّ,[ʔ]ِ[n]ّ,success,-
CHAR,إن,1-initial,إ,إِ,-,1,unknown,gemination,ʔ,ʔ,-,-
CHAR,إن,2-final,ن,نّ,-,1,unknown,gemination,n,n,-,-
WORD,وجودي,-,وجودي,وُجُودِيٌّ,CV.CVV.CVV,-,-,gemination,ewُʒُow[d]ِejٌّ,ewُZُow[d]ِejٌّ,success,-
CHAR,وجودي,1-initial,و,وُ,-,1,onset,gemination,ʒُow,Zُow,-,-
CHAR,وجودي,2-medial,ج,جُ,-,1,onset,gemination,ʒُow,Zُow,-,-
CHAR,وجودي,3-medial,و,وُ,-,2,onset,gemination,[d]ِejٌّ,[d]ِejٌّ,-,-
CHAR,وجودي,4-medial,د,دِ,-,2,onset,gemination,[d]ِejٌّ,[d]ِejٌّ,-,-
CHAR,وجودي,5-final,ي,يٌّ,-,2,coda,gemination,[d]ِejٌّ,[d]ِejٌّ,-,-
WORD,تقيل,-,تقيل,تُقِيلُ,CV.CVV.CV,-,-,emphatic_spread,[tʕ]ُ[ʔ]ِej[l~]ُ,[tʕ]ُ[ʔ]ِej[l~]ُ,success,-
CHAR,تقيل,1-initial,ت,تُ,-,1,onset,emphatic_spread,[ʔ]ِej,[ʔ]ِej,-,-
CHAR,تقيل,2-medial,ق,قِ,-,1,onset,emphatic_spread,[ʔ]ِej,[ʔ]ِej,-,-
CHAR,تقيل,3-medial,ي,ي,-,2,onset,emphatic_spread,[l~]ُ,[l~]ُ,-,-
CHAR,تقيل,4-final,ل,لُ,-,2,onset,emphatic_spread,[l~]ُ,[l~]ُ,-,-
WORD,كأنها,-,كأنها,كأَنّهَا,UNKNOWN(CCVCCVV),-,-,gemination,[k][ʔ]َ[n]ّ[h]َuː,[k][ʔ]َ[n]ّ[h]َu:,warning,syl
CHAR,كأنها,1-initial,ك,ك,-,1,unknown,gemination,k,k,-,-
CHAR,كأنها,2-medial,أ,أَ,-,1,unknown,gemination,ʔ,ʔ,-,-
CHAR,كأنها,3-medial,ن,نّ,-,1,unknown,gemination,n,n,-,-
CHAR,كأنها,4-medial,ه,هَ,-,1,unknown,gemination,h,h,-,-
CHAR,كأنها,5-final,ا,ا,-,1,unknown,gemination,uː,u:,-,-
WORD,ناقص,-,ناقص,نَاقِصٌ,CVV.CVC,-,-,emphatic_spread,[n]َuː[q]ِ[sʕ]ٌ,[n]َu:[q]ِ[sʕ]ٌ,success,-
CHAR,ناقص,1-initial,ن,نَ,-,1,onset,emphatic_spread,[q]ِ[sʕ]ٌ,[q]ِ[sʕ]ٌ,-,-
CHAR,ناقص,2-medial,ا,ا,-,1,nucleus,emphatic_spread,[q]ِ[sʕ]ٌ,[q]ِ[sʕ]ٌ,-,-
CHAR,ناقص,3-medial,ق,قِ,-,1,onset,emphatic_spread,[q]ِ[sʕ]ٌ,[q]ِ[sʕ]ٌ,-,-
CHAR,ناقص,4-final,ص,صٌ,-,2,unknown,emphatic_spread,sʕ,sʕ,-,-
WORD,تقول,-,تقول,تَقُولُ,CV.CVV.CV,-,-,emphatic_spread,[tʕ]َ[ʔ]ُow[l~]ُ,[tʕ]َ[ʔ]ُow[l~]ُ,success,-
CHAR,تقول,1-initial,ت,تَ,-,1,onset,emphatic_spread,[ʔ]ُow,[ʔ]ُow,-,-
CHAR,تقول,2-medial,ق,قُ,-,1,onset,emphatic_spread,[ʔ]ُow,[ʔ]ُow,-,-
CHAR,تقول,3-medial,و,و,-,2,onset,emphatic_spread,[l~]ُ,[l~]ُ,-,-
CHAR,تقول,4-final,ل,لُ,-,2,onset,emphatic_spread,[l~]ُ,[l~]ُ,-,-
WORD,لي,-,لي,لِي,CVV,-,-,-,[l]ِej,[l]ِej,success,-
CHAR,لي,1-initial,ل,لِ,-,1,unknown,-,l,l,-,-
CHAR,لي,2-final,ي,ي,-,1,unknown,-,ej,ej,-,-
WORD,امشي,-,امشي,اِمْشِي,UNKNOWN(CVCCVV),-,-,-,uːِ[m]ْ[ʃ]ِej,u:ِ[m]ْ[S]ِej,warning,syl
CHAR,امشي,1-initial,ا,اِ,-,1,unknown,-,uː,u:,-,-
CHAR,امشي,2-medial,م,مْ,-,1,unknown,-,m,m,-,-
CHAR,امشي,3-medial,ش,شِ,-,1,unknown,-,ʃ,S,-,-
CHAR,امشي,4-final,ي,ي,-,1,unknown,-,ej,ej,-,-
WORD,وأوضحت,-,وأوضحت,وَأَوْضَحَتْ,CV.CVV.CV.CVC,-,-,emphatic_spread,ewَ∅َowْdʕَ[ħ]َ[t]ْ,ewَ∅َowْdʕَ[X\]َ[t]ْ,success,-
CHAR,وأوضحت,1-initial,و,وَ,-,1,onset,emphatic_spread,∅َow,∅َow,-,-
CHAR,وأوضحت,2-medial,أ,أَ,-,1,nucleus,emphatic_spread,∅َow,∅َow,-,-
CHAR,وأوضحت,3-medial,و,وَ,-,2,onset,emphatic_spread,ْdʕَ,ْdʕَ,-,-
CHAR,وأوضحت,4-medial,ض,ضَ,-,2,coda,emphatic_spread,ْdʕَ,ْdʕَ,-,-
CHAR,وأوضحت,5-medial,ح,حَ,-,2,onset,emphatic_spread,ْdʕَ,ْdʕَ,-,-
CHAR,وأوضحت,6-final,ت,تْ,-,3,coda,emphatic_spread,[ħ]َ[t]ْ,[X\]َ[t]ْ,-,-
WORD,سحر,-,سحر,سَحَرٌ,CV.CVC,-,-,-,[sʕ]َ[ħ]َ∅ٌ,[sʕ]َ[X\]َ∅ٌ,success,-
CHAR,سحر,1-initial,س,سَ,-,1,onset,-,[ħ]َ∅ٌ,[X\]َ∅ٌ,-,-
CHAR,سحر,2-medial,ح,حَ,-,1,onset,-,[ħ]َ∅ٌ,[X\]َ∅ٌ,-,-
CHAR,سحر,3-final,ر,رٌ,-,2,unknown,-,ɾ,ɾ,-,-
WORD,أن,-,أن,أَنّ,CVC,-,-,gemination,[ʔ]َ[n]ّ,[ʔ]َ[n]ّ,success,-
CHAR,أن,1-initial,أ,أَ,-,1,unknown,gemination,ʔ,ʔ,-,-
CHAR,أن,2-final,ن,نّ,-,1,unknown,gemination,n,n,-,-
WORD,اعتراضها,-,اعتراضها,اِعْتِرَاضُهَا,CV.CCV.CVV.CV.CVV,-,-,emphatic_spread,uːِʔْ[t]ِ[ɾ]َuːdʕُ∅َuː,u:ِʔْ[t]ِ[ɾ]َu:dʕُ∅َu:,success,-
CHAR,اعتراضها,1-initial,ا,اِ,-,1,nucleus,emphatic_spread,ʔْ[t]ِ,ʔْ[t]ِ,-,-
CHAR,اعتراضها,2-medial,ع,عْ,-,1,onset,emphatic_spread,ʔْ[t]ِ,ʔْ[t]ِ,-,-
CHAR,اعتراضها,3-medial,ت,تِ,-,2,onset,emphatic_spread,[ɾ]َuː,[ɾ]َu:,-,-
CHAR,اعتراضها,4-medial,ر,رَ,-,2,onset,emphatic_spread,[ɾ]َuː,[ɾ]َu:,-,-
CHAR,اعتراضها,5-medial,ا,اِ,-,2,nucleus,emphatic_spread,[ɾ]َuː,[ɾ]َu:,-,-
CHAR,اعتراضها,6-medial,ض,ضُ,-,2,onset,emphatic_spread,[ɾ]َuː,[ɾ]َu:,-,-
CHAR,اعتراضها,7-medial,ه,هَ,-,3,onset,emphatic_spread,dʕُ,dʕُ,-,-
CHAR,اعتراضها,8-final,ا,اِ,-,3,nucleus,emphatic_spread,dʕُ,dʕُ,-,-
WORD,لم,-,لم,لَم,CVC,-,-,-,[l]َ[m],[l]َ[m],success,-
CHAR,لم,1-initial,ل,لَ,-,1,unknown,-,l,l,-,-
CHAR,لم,2-final,م,م,-,1,unknown,-,m,m,-,-
WORD,يكن,-,يكن,يَكُنُّ,CV.CV.CV,-,-,gemination,ejَ[k͡x]ُ[n~]ُّ,ejَ[k͡x]ُ[n~]ُّ,success,-
CHAR,يكن,1-initial,ي,يَ,-,1,onset,gemination,[k͡x]ُ,[k͡x]ُ,-,-
CHAR,يكن,2-medial,ك,كُ,-,1,onset,gemination,[k͡x]ُ,[k͡x]ُ,-,-
CHAR,يكن,3-final,ن,نُّ,-,2,onset,gemination,[n~]ُّ,[n~]ُّ,-,-
WORD,على,-,على,عَلَى,CV.CVC,-,-,-,[ʕ]َ[l~]َuː,[ʕ]َ[l~]َu:,success,-
CHAR,على,1-initial,ع,عَ,-,1,onset,-,[l~]َuː,[l~]َu:,-,-
CHAR,على,2-medial,ل,لَ,-,1,onset,-,[l~]َuː,[l~]َu:,-,-
CHAR,على,3-final,ى,ى,-,2,unknown,-,uː,u:,-,-
WORD,مبدأ,-,مبدأ,مَبْدَأٌ,CV.UNKNOWN(CCVC),-,-,-,[m]َ[b]ْ[d]َ[ʔ]ٌ,[m]َ[b]ْ[d]َ[ʔ]ٌ,warning,syl
CHAR,مبدأ,1-initial,م,مَ,-,1,onset,-,[b]ْ[d]َ[ʔ]ٌ,[b]ْ[d]َ[ʔ]ٌ,-,-
CHAR,مبدأ,2-medial,ب,بْ,-,1,onset,-,[b]ْ[d]َ[ʔ]ٌ,[b]ْ[d]َ[ʔ]ٌ,-,-
CHAR,مبدأ,3-medial,د,دَ,-,2,unknown,-,d,d,-,-
CHAR,مبدأ,4-final,أ,أٌ,-,2,unknown,-,ʔ,ʔ,-,-
WORD,زيارة,-,زيارة,زِيَارَةٌ,UNKNOWN(CVVVV).CVC,-,-,-,zʕِejَuː∅َ[æ]ٌ,zʕِejَu:∅َ[æ]ٌ,warning,syl
CHAR,زيارة,1-initial,ز,زِ,-,1,onset,-,∅َ[æ]ٌ,∅َ[æ]ٌ,-,-
CHAR,زيارة,2-medial,ي,يَ,-,1,onset,-,∅َ[æ]ٌ,∅َ[æ]ٌ,-,-
CHAR,زيارة,3-medial,ا,ا,-,1,nucleus,-,∅َ[æ]ٌ,∅َ[æ]ٌ,-,-
CHAR,زيارة,4-medial,ر,رَ,-,1,onset,-,∅َ[æ]ٌ,∅َ[æ]ٌ,-,-
CHAR,زيارة,5-final,ة,ةٌ,-,1,nucleus,-,∅َ[æ]ٌ,∅َ[æ]ٌ,-,-
WORD,والدة,-,والدة,وَالِدَةٌ,CVV.CV.CVC,-,-,-,ewَuː[l]ِ[d]َ[æ]ٌ,ewَu:[l]ِ[d]َ[æ]ٌ,success,-
CHAR,والدة,1-initial,و,وَ,-,1,onset,-,[l]ِ,[l]ِ,-,-
CHAR,والدة,2-medial,ا,ا,-,1,nucleus,-,[l]ِ,[l]ِ,-,-
CHAR,والدة,3-medial,ل,لِ,-,1,onset,-,[l]ِ,[l]ِ,-,-
CHAR,والدة,4-medial,د,دَ,-,2,onset,-,[d]َ[æ]ٌ,[d]َ[æ]ٌ,-,-
CHAR,والدة,5-final,ة,ةٌ,-,2,nucleus,-,[d]َ[æ]ٌ,[d]َ[æ]ٌ,-,-
WORD,زوجها,-,زوجها,زَوَّجَهَا,UNKNOWN(CVVV).CV.CVV,-,-,gemination,zʕَewَّʒَ∅َuː,zʕَewَّZَ∅َu:,warning,syl
CHAR,زوجها,1-initial,ز,زَ,-,1,onset,gemination,ʒَ,Zَ,-,-
CHAR,زوجها,2-medial,و,وَّ,-,1,onset,gemination,ʒَ,Zَ,-,-
CHAR,زوجها,3-medial,ج,جَ,-,1,onset,gemination,ʒَ,Zَ,-,-
CHAR,زوجها,4-medial,ه,هَ,-,1,onset,gemination,ʒَ,Zَ,-,-
CHAR,زوجها,5-final,ا,ا,-,1,nucleus,gemination,ʒَ,Zَ,-,-
WORD,مؤكدة,-,مؤكدة,مُؤَكِّدَةٌ,CV.CV.CV.CVC,-,-,gemination,[m]ُʔَ[k͡x]ِّ[d]َ[æ]ٌ,[m]ُʔَ[k͡x]ِّ[d]َ[æ]ٌ,success,-
CHAR,مؤكدة,1-initial,م,مُ,-,1,onset,gemination,ʔَ,ʔَ,-,-
CHAR,مؤكدة,2-medial,ؤ,ؤَ,-,1,nucleus,gemination,ʔَ,ʔَ,-,-
CHAR,مؤكدة,3-medial,ك,كِّ,-,2,onset,gemination,[k͡x]ِّ,[k͡x]ِّ,-,-
CHAR,مؤكدة,4-medial,د,دَ,-,2,onset,gemination,[k͡x]ِّ,[k͡x]ِّ,-,-
CHAR,مؤكدة,5-final,ة,ةٌ,-,3,nucleus,gemination,[d]َ[æ]ٌ,[d]َ[æ]ٌ,-,-
WORD,احترامها,-,احترامها,اِحْتِرَامُهَا,CV.CCV.CVV.CV.CVV,-,-,-,uːِ[h]ْ[t]ِ[ɾ]َuː[m]ُ∅َuː,u:ِ[h]ْ[t]ِ[ɾ]َu:[m]ُ∅َu:,success,-
CHAR,احترامها,1-initial,ا,اِ,-,1,nucleus,-,[h]ْ[t]ِ,[h]ْ[t]ِ,-,-
CHAR,احترامها,2-medial,ح,حْ,-,1,onset,-,[h]ْ[t]ِ,[h]ْ[t]ِ,-,-
CHAR,احترامها,3-medial,ت,تِ,-,2,onset,-,[ɾ]َuː,[ɾ]َu:,-,-
CHAR,احترامها,4-medial,ر,رَ,-,2,onset,-,[ɾ]َuː,[ɾ]َu:,-,-
CHAR,احترامها,5-medial,ا,اِ,-,2,nucleus,-,[ɾ]َuː,[ɾ]َu:,-,-
CHAR,احترامها,6-medial,م,مُ,-,2,onset,-,[ɾ]َuː,[ɾ]َu:,-,-
CHAR,احترامها,7-medial,ه,هَ,-,3,onset,-,[m]ُ,[m]ُ,-,-
CHAR,احترامها,8-final,ا,اِ,-,3,nucleus,-,[m]ُ,[m]ُ,-,-
WORD,لها,-,لها,لَهَا,CV.CVV,-,-,-,[l]َ∅َuː,[l]َ∅َu:,success,-
CHAR,لها,1-initial,ل,لَ,-,1,onset,-,∅َuː,∅َu:,-,-
CHAR,لها,2-medial,ه,هَ,-,1,onset,-,∅َuː,∅َu:,-,-
CHAR,لها,3-final,ا,ا,-,2,unknown,-,uː,u:,-,-
WORD,لكن,-,لكن,لَكِنّ,CV.CVC,-,-,gemination,[l]َ[k]ِ[n~]ّ,[l]َ[k]ِ[n~]ّ,success,-
CHAR,لكن,1-initial,ل,لَ,-,1,onset,gemination,[k]ِ[n~]ّ,[k]ِ[n~]ّ,-,-
CHAR,لكن,2-medial,ك,كِ,-,1,onset,gemination,[k]ِ[n~]ّ,[k]ِ[n~]ّ,-,-
CHAR,لكن,3-final,ن,نّ,-,2,unknown,gemination,n,n,-,-
WORD,المشكلة,-,المشكلة,الْمُشَكَّلَةُ,CC.CV.CV.CV.CV.CV,-,-,gemination,uː[l]ْ[m]ُ[ʃ]َ[k͡x]َّ[l]َ[æ]ُ,u:[l]ْ[m]ُ[S]َ[k͡x]َّ[l]َ[æ]ُ,success,-
CHAR,المشكلة,1-initial,ا,ا,-,1,nucleus,gemination,[m]ُ,[m]ُ,-,-
CHAR,المشكلة,2-medial,ل,لْ,-,1,onset,gemination,[m]ُ,[m]ُ,-,-
CHAR,المشكلة,3-medial,م,مُ,-,1,onset,gemination,[m]ُ,[m]ُ,-,-
CHAR,المشكلة,4-medial,ش,شَ,-,2,onset,gemination,[ʃ]َ,[S]َ,-,-
CHAR,المشكلة,5-medial,ك,كَّ,-,2,onset,gemination,[ʃ]َ,[S]َ,-,-
CHAR,المشكلة,6-medial,ل,لْ,-,3,onset,gemination,[k͡x]َّ,[k͡x]َّ,-,-
CHAR,المشكلة,7-final,ة,ةُ,-,3,nucleus,gemination,[k͡x]َّ,[k͡x]َّ,-,-
WORD,بحسب,-,بحسب,بحَسْب,UNKNOWN(CCVCC),-,-,-,[b][ħ]َ[sʕ]ْ[b],[b][X\]َ[sʕ]ْ[b],warning,syl
CHAR,بحسب,1-initial,ب,ب,-,1,unknown,-,b,b,-,-
CHAR,بحسب,2-medial,ح,حَ,-,1,unknown,-,ħ,X\,-,-
CHAR,بحسب,3-medial,س,سْ,-,1,unknown,-,s,s,-,-
CHAR,بحسب,4-final,ب,ب,-,1,unknown,-,b,b,-,-
WORD,قولها,-,قولها,قَوَّلَهَا,UNKNOWN(CVVV).CV.CVV,-,-,emphatic_spread;gemination,[ʔ]َewَّ[l]َ∅َuː,[ʔ]َewَّ[l]َ∅َu:,warning,syl
CHAR,قولها,1-initial,ق,قَ,-,1,onset,emphatic_spread;gemination,[l]َ,[l]َ,-,-
CHAR,قولها,2-medial,و,وَّ,-,1,onset,emphatic_spread;gemination,[l]َ,[l]َ,-,-
CHAR,قولها,3-medial,ل,لَ,-,1,onset,emphatic_spread;gemination,[l]َ,[l]َ,-,-
CHAR,قولها,4-medial,ه,هَ,-,1,onset,emphatic_spread;gemination,[l]َ,[l]َ,-,-
CHAR,قولها,5-final,ا,ا,-,1,nucleus,emphatic_spread;gemination,[l]َ,[l]َ,-,-
WORD,تمثلت,-,تمثلت,تَمَثَّلَتْ,CV.CV.CV.CVC,-,-,gemination,[tʕ]َ[m]َtَّ[l~]َ[t]ْ,[tʕ]َ[m]َtَّ[l~]َ[t]ْ,success,-
CHAR,تمثلت,1-initial,ت,تَ,-,1,onset,gemination,[m]َ,[m]َ,-,-
CHAR,تمثلت,2-medial,م,مَ,-,1,onset,gemination,[m]َ,[m]َ,-,-
CHAR,تمثلت,3-medial,ث,ثَّ,-,2,onset,gemination,tَّ,tَّ,-,-
CHAR,تمثلت,4-medial,ل,لَ,-,2,onset,gemination,tَّ,tَّ,-,-
CHAR,تمثلت,5-final,ت,تَ,-,3,coda,gemination,[l~]َ[t]ْ,[l~]َ[t]ْ,-,-
WORD,في,-,في,فِي,CVV,-,-,-,[f]ِej,[f]ِej,success,-
CHAR,في,1-initial,ف,فِ,-,1,unknown,-,f,f,-,-
CHAR,في,2-final,ي,ي,-,1,unknown,-,ej,ej,-,-
WORD,تحويل,-,تحويل,تَحْوِيلٌ,UNKNOWN(CVCCVVC),-,-,-,[tʕ]َ[ħ]ْewِej[l]ٌ,[tʕ]َ[X\]ْewِej[l]ٌ,warning,syl
CHAR,تحويل,1-initial,ت,تَ,-,1,unknown,-,t,t,-,-
CHAR,تحويل,2-medial,ح,حْ,-,1,unknown,-,ħ,X\,-,-
CHAR,تحويل,3-medial,و,وِ,-,1,unknown,-,ew,ew,-,-
CHAR,تحويل,4-medial,ي,ي,-,1,unknown,-,ej,ej,-,-
CHAR,تحويل,5-final,ل,لٌ,-,1,unknown,-,l,l,-,-
WORD,الأمر,-,الأمر,الْأَمْرُ,CC.CV.CCV,-,-,-,uː[l]ْ∅َ[m]ْ∅ُ,u:[l]ْ∅َ[m]ْ∅ُ,success,-
CHAR,الأمر,1-initial,ا,ا,-,1,nucleus,-,∅َ,∅َ,-,-
CHAR,الأمر,2-medial,ل,لْ,-,1,onset,-,∅َ,∅َ,-,-
CHAR,الأمر,3-medial,أ,أَ,-,1,nucleus,-,∅َ,∅َ,-,-
CHAR,الأمر,4-medial,م,مْ,-,2,onset,-,[m]ْ∅ُ,[m]ْ∅ُ,-,-
CHAR,الأمر,5-final,ر,رُ,-,2,coda,-,[m]ْ∅ُ,[m]ْ∅ُ,-,-
WORD,إلى,-,إلى,إِلَى,CV.CVC,-,-,-,[ʔ]ِ[l~]َuː,[ʔ]ِ[l~]َu:,success,-
CHAR,إلى,1-initial,إ,إِ,-,1,nucleus,-,[l~]َuː,[l~]َu:,-,-
CHAR,إلى,2-medial,ل,لَ,-,1,onset,-,[l~]َuː,[l~]َu:,-,-
CHAR,إلى,3-final,ى,ى,-,2,unknown,-,uː,u:,-,-
WORD,التزام,-,التزام,اِلْتِزَامٌ,CV.CCV.CVVC,-,-,-,uːِ[l]ْ[t]ِðَuː[m]ٌ,u:ِ[l]ْ[t]ِDَu:[m]ٌ,success,-
CHAR,التزام,1-initial,ا,اِ,-,1,nucleus,-,[l]ْ[t]ِ,[l]ْ[t]ِ,-,-
CHAR,التزام,2-medial,ل,لْ,-,1,onset,-,[l]ْ[t]ِ,[l]ْ[t]ِ,-,-
CHAR,التزام,3-medial,ت,تِ,-,2,onset,-,ðَuː[m]ٌ,Dَu:[m]ٌ,-,-
CHAR,التزام,4-medial,ز,زَ,-,2,onset,-,ðَuː[m]ٌ,Dَu:[m]ٌ,-,-
CHAR,التزام,5-medial,ا,اِ,-,2,nucleus,-,ðَuː[m]ٌ,Dَu:[m]ٌ,-,-
CHAR,التزام,6-final,م,مٌ,-,2,coda,-,ðَuː[m]ٌ,Dَu:[m]ٌ,-,-
WORD,إجباري,-,إجباري,إِجْبَارِيٌّ,UNKNOWN(CVCCVV).CVV,-,-,gemination,[ʔ]ِʒْ[b]َuː∅ِejٌّ,[ʔ]ِZْ[b]َu:∅ِejٌّ,warning,syl
CHAR,إجباري,1-initial,إ,إِ,-,1,nucleus,gemination,∅ِejٌّ,∅ِejٌّ,-,-
CHAR,إجباري,2-medial,ج,جْ,-,1,onset,gemination,∅ِejٌّ,∅ِejٌّ,-,-
CHAR,إجباري,3-medial,ب,بَ,-,1,onset,gemination,∅ِejٌّ,∅ِejٌّ,-,-
CHAR,إجباري,4-medial,ا,ا,-,1,nucleus,gemination,∅ِejٌّ,∅ِejٌّ,-,-
CHAR,إجباري,5-medial,ر,رِ,-,1,onset,gemination,∅ِejٌّ,∅ِejٌّ,-,-
CHAR,إجباري,6-final,ي,يٌّ,-,1,coda,gemination,∅ِejٌّ,∅ِejٌّ,-,-
WORD,لا,-,لا,لَا,CVV,-,-,-,[l]َuː,[l]َu:,success,-
CHAR,لا,1-initial,ل,لَ,-,1,unknown,-,l,l,-,-
CHAR,لا,2-final,ا,ا,-,1,unknown,-,uː,u:,-,-
WORD,يقبل,-,يقبل,يَقْبَلُ,CV.CCV.CV,-,-,emphatic_spread,ejَ[ʔ]ْbَ[l~]ُ,ejَ[ʔ]ْbَ[l~]ُ,success,-
CHAR,يقبل,1-initial,ي,يَ,-,1,onset,emphatic_spread,[ʔ]ْbَ,[ʔ]ْbَ,-,-
CHAR,يقبل,2-medial,ق,قْ,-,1,onset,emphatic_spread,[ʔ]ْbَ,[ʔ]ْbَ,-,-
CHAR,يقبل,3-medial,ب,بَ,-,2,onset,emphatic_spread,[l~]ُ,[l~]ُ,-,-
CHAR,يقبل,4-final,ل,لُ,-,2,onset,emphatic_spread,[l~]ُ,[l~]ُ,-,-
WORD,التأجيل,-,التأجيل,التَّأْجِيلُ,CC.UNKNOWN(CVCCVV).CV,-,-,sun_letters;gemination,uː[l][t]َّ∅ْʒِej[l~]ُ,u:[l][t]َّ∅ْZِej[l~]ُ,warning,syl
CHAR,التأجيل,1-initial,ا,ا,-,1,nucleus,sun_letters;gemination,[t]َّ∅ْʒِej,[t]َّ∅ْZِej,-,-
CHAR,التأجيل,2-medial,ل,ل,-,1,onset,sun_letters;gemination,[t]َّ∅ْʒِej,[t]َّ∅ْZِej,-,-
CHAR,التأجيل,3-medial,ت,تَّ,-,2,onset,sun_letters;gemination,[l~]ُ,[l~]ُ,-,-
CHAR,التأجيل,4-medial,أ,أْ,-,2,nucleus,sun_letters;gemination,[l~]ُ,[l~]ُ,-,-
CHAR,التأجيل,5-medial,ج,جِ,-,2,onset,sun_letters;gemination,[l~]ُ,[l~]ُ,-,-
CHAR,التأجيل,6-medial,ي,ي,-,2,onset,sun_letters;gemination,[l~]ُ,[l~]ُ,-,-
CHAR,التأجيل,7-final,ل,ل,-,2,onset,sun_letters;gemination,[l~]ُ,[l~]ُ,-,-
WORD,حتى,-,حتى,حَتَّى,CV.CVC,-,-,gemination,[ħ]َ[t]َّuː,[X\]َ[t]َّu:,success,-
CHAR,حتى,1-initial,ح,حَ,-,1,onset,gemination,[t]َّuː,[t]َّu:,-,-
CHAR,حتى,2-medial,ت,تَّ,-,1,onset,gemination,[t]َّuː,[t]َّu:,-,-
CHAR,حتى,3-final,ى,ى,-,2,unknown,gemination,uː,u:,-,-
WORD,في,-,في,فِي,CVV,-,-,-,[f]ِej,[f]ِej,success,-
CHAR,في,1-initial,ف,فِ,-,1,unknown,-,f,f,-,-
CHAR,في,2-final,ي,ي,-,1,unknown,-,ej,ej,-,-
WORD,المناسبات,-,المناسبات,الْمُنَاسَبَاتُ,CC.CV.CVV.CV.CVV.CV,-,-,-,uː[l]ْ[m]ُ[n]َuː[s]َbَuː[t]ُ,u:[l]ْ[m]ُ[n]َu:[s]َbَu:[t]ُ,success,-
CHAR,المناسبات,1-initial,ا,ا,-,1,nucleus,-,[m]ُ,[m]ُ,-,-
CHAR,المناسبات,2-medial,ل,لْ,-,1,onset,-,[m]ُ,[m]ُ,-,-
CHAR,المناسبات,3-medial,م,مُ,-,1,onset,-,[m]ُ,[m]ُ,-,-
CHAR,المناسبات,4-medial,ن,نَ,-,2,onset,-,[n]َuː,[n]َu:,-,-
CHAR,المناسبات,5-medial,ا,ا,-,2,nucleus,-,[n]َuː,[n]َu:,-,-
CHAR,المناسبات,6-medial,س,سَ,-,3,onset,-,[s]َ,[s]َ,-,-
CHAR,المناسبات,7-medial,ب,بَ,-,3,onset,-,[s]َ,[s]َ,-,-
CHAR,المناسبات,8-medial,ا,ا,-,3,nucleus,-,[s]َ,[s]َ,-,-
CHAR,المناسبات,9-final,ت,تُ,-,4,onset,-,bَuː,bَu:,-,-
WORD,الخاصة,-,الخاصة,الْخَاصَّةُ,CC.CVV.CV.CV,-,-,emphatic_spread;gemination,uː[l]ْ[x]َuː[sʕ]َّ[æ]ُ,u:[l]ْ[x]َu:[sʕ]َّ[æ]ُ,success,-
CHAR,الخاصة,1-initial,ا,ا,-,1,nucleus,emphatic_spread;gemination,[x]َuː,[x]َu:,-,-
CHAR,الخاصة,2-medial,ل,لْ,-,1,onset,emphatic_spread;gemination,[x]َuː,[x]َu:,-,-
CHAR,الخاصة,3-medial,خ,خَ,-,1,onset,emphatic_spread;gemination,[x]َuː,[x]َu:,-,-
CHAR,الخاصة,4-medial,ا,ا,-,2,nucleus,emphatic_spread;gemination,[sʕ]َّ,[sʕ]َّ,-,-
CHAR,الخاصة,5-medial,ص,صَّ,-,2,onset,emphatic_spread;gemination,[sʕ]َّ,[sʕ]َّ,-,-
CHAR,الخاصة,6-final,ة,ةُ,-,2,nucleus,emphatic_spread;gemination,[sʕ]َّ,[sʕ]َّ,-,-
WORD,أو,-,أو,أَو,CVV,-,-,-,[ʔ]َew,[ʔ]َew,success,-
CHAR,أو,1-initial,أ,أَ,-,1,unknown,-,ʔ,ʔ,-,-
CHAR,أو,2-final,و,و,-,1,unknown,-,ew,ew,-,-
WORD,الإجازات,-,الإجازات,الْإجَازَاتُ,UNKNOWN(CCCCVV).CVV.CV,-,-,sun_letters,uː[l]ْ[ʔ]ʒَuːzَuː[t]ُ,u:[l]ْ[ʔ]Zَu:zَu:[t]ُ,warning,syl
CHAR,الإجازات,1-initial,ا,ا,-,1,nucleus,sun_letters,zَuː,zَu:,-,-
CHAR,الإجازات,2-medial,ل,لْ,-,1,onset,sun_letters,zَuː,zَu:,-,-
CHAR,الإجازات,3-medial,إ,إ,-,1,nucleus,sun_letters,zَuː,zَu:,-,-
CHAR,الإجازات,4-medial,ج,جَ,-,1,onset,sun_letters,zَuː,zَu:,-,-
CHAR,الإجازات,5-medial,ا,ا,-,1,nucleus,sun_letters,zَuː,zَu:,-,-
CHAR,الإجازات,6-medial,ز,زَ,-,1,onset,sun_letters,zَuː,zَu:,-,-
CHAR,الإجازات,7-medial,ا,ا,-,1,nucleus,sun_letters,zَuː,zَu:,-,-
CHAR,الإجازات,8-final,ت,تُ,-,2,onset,sun_letters,[t]ُ,[t]ُ,-,-
WORD,القصيرة,-,القصيرة,الْقَصِيرَةُ,CC.CV.CVV.CV.CV,-,-,emphatic_spread,uː[l]ْ[ʔ]َ[sʕ]ِej[ɾ]َ[æ]ُ,u:[l]ْ[ʔ]َ[sʕ]ِej[ɾ]َ[æ]ُ,success,-
CHAR,القصيرة,1-initial,ا,ا,-,1,nucleus,emphatic_spread,[ʔ]َ,[ʔ]َ,-,-
CHAR,القصيرة,2-medial,ل,لْ,-,1,onset,emphatic_spread,[ʔ]َ,[ʔ]َ,-,-
CHAR,القصيرة,3-medial,ق,قَ,-,1,onset,emphatic_spread,[ʔ]َ,[ʔ]َ,-,-
CHAR,القصيرة,4-medial,ص,صِ,-,2,onset,emphatic_spread,[sʕ]ِej,[sʕ]ِej,-,-
CHAR,القصيرة,5-medial,ي,ي,-,2,onset,emphatic_spread,[sʕ]ِej,[sʕ]ِej,-,-
CHAR,القصيرة,6-medial,ر,رَ,-,3,onset,emphatic_spread,[ɾ]َ,[ɾ]َ,-,-
CHAR,القصيرة,7-final,ة,ةُ,-,3,nucleus,emphatic_spread,[ɾ]َ,[ɾ]َ,-,-
WORD,التي,-,التي,الَّتِي,CCV.CVV,-,-,sun_letters;gemination,uː[l]َّ[t]ِej,u:[l]َّ[t]ِej,success,-
CHAR,التي,1-initial,ا,ا,-,1,nucleus,sun_letters;gemination,[t]ِej,[t]ِej,-,-
CHAR,التي,2-medial,ل,لَّ,-,1,onset,sun_letters;gemination,[t]ِej,[t]ِej,-,-
CHAR,التي,3-medial,ت,تِ,-,1,onset,sun_letters;gemination,[t]ِej,[t]ِej,-,-
CHAR,التي,4-final,ي,ي,-,1,onset,sun_letters;gemination,[t]ِej,[t]ِej,-,-
WORD,كانت,-,كانت,كانت,UNKNOWN,-,-,-,,,error,"diac,syl,ipa"
CHAR,كانت,1-initial,ك,ك,-,0,unknown,-,k,k,-,-
CHAR,كانت,2-medial,ا,ا,-,0,unknown,-,uː,u:,-,-
CHAR,كانت,3-medial,ن,ن,-,0,unknown,-,n,n,-,-
CHAR,كانت,4-final,ت,ت,-,0,unknown,-,t,t,-,-
WORD,تأمل,-,تأمل,تَأْمُلُ,CV.CCV.CV,-,-,-,[tʕ]َ∅ْ[m]ُ[l~]ُ,[tʕ]َ∅ْ[m]ُ[l~]ُ,success,-
CHAR,تأمل,1-initial,ت,تَ,-,1,onset,-,∅ْ[m]ُ,∅ْ[m]ُ,-,-
CHAR,تأمل,2-medial,أ,أْ,-,1,nucleus,-,∅ْ[m]ُ,∅ْ[m]ُ,-,-
CHAR,تأمل,3-medial,م,مُ,-,2,onset,-,[l~]ُ,[l~]ُ,-,-
CHAR,تأمل,4-final,ل,لُ,-,2,onset,-,[l~]ُ,[l~]ُ,-,-
WORD,قضاءها,-,قضاءها,قَضَاءَهَا,CV.CVV.CV.CVV,-,-,emphatic_spread,[ʔ]َdʕَuːʔَ∅َuː,[ʔ]َdʕَu:ʔَ∅َu:,success,-
CHAR,قضاءها,1-initial,ق,قَ,-,1,onset,emphatic_spread,dʕَuː,dʕَu:,-,-
CHAR,قضاءها,2-medial,ض,ضَ,-,1,onset,emphatic_spread,dʕَuː,dʕَu:,-,-
CHAR,قضاءها,3-medial,ا,ا,-,2,nucleus,emphatic_spread,ʔَ,ʔَ,-,-
CHAR,قضاءها,4-medial,ء,ءَ,-,2,onset,emphatic_spread,ʔَ,ʔَ,-,-
CHAR,قضاءها,5-medial,ه,هَ,-,2,onset,emphatic_spread,ʔَ,ʔَ,-,-
CHAR,قضاءها,6-final,ا,ا,-,3,nucleus,emphatic_spread,∅َuː,∅َu:,-,-
WORD,مع,-,مع,مَع,CVC,-,-,-,[m]َ[ʕ],[m]َ[ʕ],success,-
CHAR,مع,1-initial,م,مَ,-,1,unknown,-,m,m,-,-
CHAR,مع,2-final,ع,ع,-,1,unknown,-,ʕ,ʕ,-,-
WORD,زوجها,-,زوجها,زَوَّجَهَا,UNKNOWN(CVVV).CV.CVV,-,-,gemination,zʕَewَّʒَ∅َuː,zʕَewَّZَ∅َu:,warning,syl
CHAR,زوجها,1-initial,ز,زَ,-,1,onset,gemination,ʒَ,Zَ,-,-
CHAR,زوجها,2-medial,و,وَّ,-,1,onset,gemination,ʒَ,Zَ,-,-
CHAR,زوجها,3-medial,ج,جَ,-,1,onset,gemination,ʒَ,Zَ,-,-
CHAR,زوجها,4-medial,ه,هَ,-,1,onset,gemination,ʒَ,Zَ,-,-
CHAR,زوجها,5-final,ا,ا,-,1,nucleus,gemination,ʒَ,Zَ,-,-
WORD,أو,-,أو,أَو,CVV,-,-,-,[ʔ]َew,[ʔ]َew,success,-
CHAR,أو,1-initial,أ,أَ,-,1,unknown,-,ʔ,ʔ,-,-
CHAR,أو,2-final,و,و,-,1,unknown,-,ew,ew,-,-
WORD,الخروج,-,الخروج,الْخُرُوجُ,CC.CV.CVV.CV,-,-,-,uː[l]ْ[x]ُ[ɾ]ُowʒُ,u:[l]ْ[x]ُ[ɾ]ُowZُ,success,-
CHAR,الخروج,1-initial,ا,ا,-,1,nucleus,-,[x]ُ,[x]ُ,-,-
CHAR,الخروج,2-medial,ل,لْ,-,1,onset,-,[x]ُ,[x]ُ,-,-
CHAR,الخروج,3-medial,خ,خُ,-,1,onset,-,[x]ُ,[x]ُ,-,-
CHAR,الخروج,4-medial,ر,رُ,-,2,onset,-,[ɾ]ُow,[ɾ]ُow,-,-
CHAR,الخروج,5-medial,و,و,-,2,onset,-,[ɾ]ُow,[ɾ]ُow,-,-
CHAR,الخروج,6-final,ج,جُ,-,3,onset,-,ʒُ,Zُ,-,-
WORD,معًا,-,معًا,مَعًا,CVC,-,-,-,[m]َ[ʕ]ًuː,[m]َ[ʕ]ًu:,success,-
CHAR,معًا,1-initial,م,مَ,-,1,unknown,-,m,m,-,-
CHAR,معًا,2-medial,ع,عً,-,1,unknown,-,ʕ,ʕ,-,-
CHAR,معًا,3-medial,ً,ً,-,1,unknown,-,,,-,-
CHAR,معًا,4-final,ا,ا,-,1,unknown,-,uː,u:,-,-
WORD,قائلة,-,قائلة,قَائِلَةٌ,CVV.CV.CVC,-,-,emphatic_spread,[ʔ]َuːʔِ[l~]َ[æ]ٌ,[ʔ]َu:ʔِ[l~]َ[æ]ٌ,success,-
CHAR,قائلة,1-initial,ق,قَ,-,1,onset,emphatic_spread,ʔِ,ʔِ,-,-
CHAR,قائلة,2-medial,ا,ا,-,1,nucleus,emphatic_spread,ʔِ,ʔِ,-,-
CHAR,قائلة,3-medial,ئ,ئِ,-,1,nucleus,emphatic_spread,ʔِ,ʔِ,-,-
CHAR,قائلة,4-medial,ل,لَ,-,2,onset,emphatic_spread,[l~]َ[æ]ٌ,[l~]َ[æ]ٌ,-,-
CHAR,قائلة,5-final,ة,ةٌ,-,2,nucleus,emphatic_spread,[l~]َ[æ]ٌ,[l~]َ[æ]ٌ,-,-
WORD,لو,-,لو,لَو,CVV,-,-,-,[l]َew,[l]َew,success,-
CHAR,لو,1-initial,ل,لَ,-,1,unknown,-,l,l,-,-
CHAR,لو,2-final,و,و,-,1,unknown,-,ew,ew,-,-
WORD,قلت,-,قلت,قُلْتُ,CV.CCV,-,-,emphatic_spread,[ʔ]ُ[l~]ْ[t]ُ,[ʔ]ُ[l~]ْ[t]ُ,success,-
CHAR,قلت,1-initial,ق,قُ,-,1,onset,emphatic_spread,[l~]ْ[t]ُ,[l~]ْ[t]ُ,-,-
CHAR,قلت,2-medial,ل,لْ,-,1,onset,emphatic_spread,[l~]ْ[t]ُ,[l~]ْ[t]ُ,-,-
CHAR,قلت,3-final,ت,تُ,-,2,unknown,emphatic_spread,t,t,-,-
WORD,نغير,-,نغير,نُغَيِّرُ,CV.UNKNOWN(CVVV).CV,-,-,gemination,[n]ُ[ʁː]َejِّ∅ُ,[n]ُ[X:]َejِّ∅ُ,warning,syl
CHAR,نغير,1-initial,ن,نُ,-,1,onset,gemination,[ʁː]َejِّ,[X:]َejِّ,-,-
CHAR,نغير,2-medial,غ,غَ,-,1,onset,gemination,[ʁː]َejِّ,[X:]َejِّ,-,-
CHAR,نغير,3-medial,ي,يِّ,-,2,onset,gemination,∅ُ,∅ُ,-,-
CHAR,نغير,4-final,ر,رُ,-,2,onset,gemination,∅ُ,∅ُ,-,-
WORD,اليوم,-,اليوم,الْيَوْمُ,CC.CVV.CV,-,-,-,uː[l]ْejَowْ[m]ُ,u:[l]ْejَowْ[m]ُ,success,-
CHAR,اليوم,1-initial,ا,ا,-,1,nucleus,-,ejَow,ejَow,-,-
CHAR,اليوم,2-medial,ل,لْ,-,1,onset,-,ejَow,ejَow,-,-
CHAR,اليوم,3-medial,ي,يَ,-,1,onset,-,ejَow,ejَow,-,-
CHAR,اليوم,4-medial,و,وْ,-,2,onset,-,ْ[m]ُ,ْ[m]ُ,-,-
CHAR,اليوم,5-final,م,مُ,-,2,coda,-,ْ[m]ُ,ْ[m]ُ,-,-
WORD,أو,-,أو,أَو,CVV,-,-,-,[ʔ]َew,[ʔ]َew,success,-
CHAR,أو,1-initial,أ,أَ,-,1,unknown,-,ʔ,ʔ,-,-
CHAR,أو,2-final,و,و,-,1,unknown,-,ew,ew,-,-
WORD,نأجل,-,نأجل,نَأْجُلُ,CV.CCV.CV,-,-,-,[n]َ∅ْʒُ[l~]ُ,[n]َ∅ْZُ[l~]ُ,success,-
CHAR,نأجل,1-initial,ن,نَ,-,1,onset,-,∅ْʒُ,∅ْZُ,-,-
CHAR,نأجل,2-medial,أ,أْ,-,1,nucleus,-,∅ْʒُ,∅ْZُ,-,-
CHAR,نأجل,3-medial,ج,جُ,-,2,onset,-,[l~]ُ,[l~]ُ,-,-
CHAR,نأجل,4-final,ل,لُ,-,2,onset,-,[l~]ُ,[l~]ُ,-,-
WORD,شوية,-,شوية,شَوِيَّةٌ,UNKNOWN(CVVVVVC),-,-,gemination,[ʃ]َewِejَّæٌ,[S]َewِejَّæٌ,warning,syl
CHAR,شوية,1-initial,ش,شَ,-,1,unknown,gemination,ʃ,S,-,-
CHAR,شوية,2-medial,و,وِ,-,1,unknown,gemination,ew,ew,-,-
CHAR,شوية,3-medial,ي,يَّ,-,1,unknown,gemination,ej,ej,-,-
CHAR,شوية,4-final,ة,ةٌ,-,1,unknown,gemination,æ,æ,-,-
WORD,تحصل,-,تحصل,تَحَصَّلَ,CV.CV.CV.CV,-,-,emphatic_spread;gemination,[tʕ]َ[h]َ[sʕ]َّ[l~]َ,[tʕ]َ[h]َ[sʕ]َّ[l~]َ,success,-
CHAR,تحصل,1-initial,ت,تَ,-,1,onset,emphatic_spread;gemination,[h]َ,[h]َ,-,-
CHAR,تحصل,2-medial,ح,حَ,-,1,onset,emphatic_spread;gemination,[h]َ,[h]َ,-,-
CHAR,تحصل,3-medial,ص,صَّ,-,2,onset,emphatic_spread;gemination,[sʕ]َّ,[sʕ]َّ,-,-
CHAR,تحصل,4-final,ل,لَ,-,2,onset,emphatic_spread;gemination,[sʕ]َّ,[sʕ]َّ,-,-
WORD,مشكلة,-,مشكلة,مُشَكَّلَةٌ,CV.CV.CV.CVC,-,-,gemination,[m]ُ[ʃ]َ[k͡x]َّ[l~]َ[æ]ٌ,[m]ُ[S]َ[k͡x]َّ[l~]َ[æ]ٌ,success,-
CHAR,مشكلة,1-initial,م,مُ,-,1,onset,gemination,[ʃ]َ,[S]َ,-,-
CHAR,مشكلة,2-medial,ش,شَ,-,1,onset,gemination,[ʃ]َ,[S]َ,-,-
CHAR,مشكلة,3-medial,ك,كَّ,-,2,onset,gemination,[k͡x]َّ,[k͡x]َّ,-,-
CHAR,مشكلة,4-medial,ل,لَ,-,2,onset,gemination,[k͡x]َّ,[k͡x]َّ,-,-
CHAR,مشكلة,5-final,ة,ةٌ,-,3,nucleus,gemination,[l~]َ[æ]ٌ,[l~]َ[æ]ٌ,-,-
WORD,كبيرة,-,كبيرة,كَبِيرَةٌ,CV.CVV.CVC,-,-,-,[k]َbِej∅َ[æ]ٌ,[k]َbِej∅َ[æ]ٌ,success,-
CHAR,كبيرة,1-initial,ك,كَ,-,1,onset,-,bِej,bِej,-,-
CHAR,كبيرة,2-medial,ب,بِ,-,1,onset,-,bِej,bِej,-,-
CHAR,كبيرة,3-medial,ي,ي,-,2,onset,-,∅َ[æ]ٌ,∅َ[æ]ٌ,-,-
CHAR,كبيرة,4-medial,ر,رَ,-,2,onset,-,∅َ[æ]ٌ,∅َ[æ]ٌ,-,-
CHAR,كبيرة,5-final,ة,ةٌ,-,2,nucleus,-,∅َ[æ]ٌ,∅َ[æ]ٌ,-,-
WORD,وأشارت,-,وأشارت,وَأَشَارَتْ,CV.CV.CVV.CVC,-,-,-,ewَ∅َ[ʃ]َuː∅َ[t]ْ,ewَ∅َ[S]َu:∅َ[t]ْ,success,-
CHAR,وأشارت,1-initial,و,وَ,-,1,onset,-,∅َ,∅َ,-,-
CHAR,وأشارت,2-medial,أ,أَ,-,1,nucleus,-,∅َ,∅َ,-,-
CHAR,وأشارت,3-medial,ش,شَ,-,2,onset,-,[ʃ]َuː,[S]َu:,-,-
CHAR,وأشارت,4-medial,ا,ا,-,2,nucleus,-,[ʃ]َuː,[S]َu:,-,-
CHAR,وأشارت,5-medial,ر,رَ,-,3,onset,-,∅َ[t]ْ,∅َ[t]ْ,-,-
CHAR,وأشارت,6-final,ت,تْ,-,3,coda,-,∅َ[t]ْ,∅َ[t]ْ,-,-
WORD,إلى,-,إلى,إِلَى,CV.CVC,-,-,-,[ʔ]ِ[l~]َuː,[ʔ]ِ[l~]َu:,success,-
CHAR,إلى,1-initial,إ,إِ,-,1,nucleus,-,[l~]َuː,[l~]َu:,-,-
CHAR,إلى,2-medial,ل,لَ,-,1,onset,-,[l~]َuː,[l~]َu:,-,-
CHAR,إلى,3-final,ى,ى,-,2,unknown,-,uː,u:,-,-
WORD,أنها,-,أنها,أَنّهَا,UNKNOWN(CVCCVV),-,-,gemination,[ʔ]َ[n]ّ[h]َuː,[ʔ]َ[n]ّ[h]َu:,warning,syl
CHAR,أنها,1-initial,أ,أَ,-,1,unknown,gemination,ʔ,ʔ,-,-
CHAR,أنها,2-medial,ن,نّ,-,1,unknown,gemination,n,n,-,-
CHAR,أنها,3-medial,ه,هَ,-,1,unknown,gemination,h,h,-,-
CHAR,أنها,4-final,ا,ا,-,1,unknown,gemination,uː,u:,-,-
WORD,حاولت,-,حاولت,حَاوَلَتْ,CVV.CV.CVC,-,-,-,[ħ]َuːowَ[l~]َ[t]ْ,[X\]َu:owَ[l~]َ[t]ْ,success,-
CHAR,حاولت,1-initial,ح,حَ,-,1,onset,-,owَ,owَ,-,-
CHAR,حاولت,2-medial,ا,ا,-,1,nucleus,-,owَ,owَ,-,-
CHAR,حاولت,3-medial,و,وَ,-,1,onset,-,owَ,owَ,-,-
CHAR,حاولت,4-medial,ل,لَ,-,2,onset,-,[l~]َ[t]ْ,[l~]َ[t]ْ,-,-
CHAR,حاولت,5-final,ت,تْ,-,2,coda,-,[l~]َ[t]ْ,[l~]َ[t]ْ,-,-
WORD,أكثر,-,أكثر,أَكْثَرَ,CV.CCV.CV,-,-,-,[ʔ]َ[k͡x]ْtَ∅َ,[ʔ]َ[k͡x]ْtَ∅َ,success,-
CHAR,أكثر,1-initial,أ,أَ,-,1,nucleus,-,[k͡x]ْtَ,[k͡x]ْtَ,-,-
CHAR,أكثر,2-medial,ك,كْ,-,1,onset,-,[k͡x]ْtَ,[k͡x]ْtَ,-,-
CHAR,أكثر,3-medial,ث,ثَ,-,2,onset,-,∅َ,∅َ,-,-
CHAR,أكثر,4-final,ر,رَ,-,2,onset,-,∅َ,∅َ,-,-
WORD,من,-,من,مِن,CVC,-,-,-,[m]ِ[n],[m]ِ[n],success,-
CHAR,من,1-initial,م,مِ,-,1,unknown,-,m,m,-,-
CHAR,من,2-final,ن,ن,-,1,unknown,-,n,n,-,-
WORD,مرة,-,مرة,مَرَّة,CV.CVC,-,-,gemination,[m]َ∅َّ[æ],[m]َ∅َّ[æ],success,-
CHAR,مرة,1-initial,م,مَ,-,1,onset,gemination,∅َّ[æ],∅َّ[æ],-,-
CHAR,مرة,2-medial,ر,رَّ,-,1,onset,gemination,∅َّ[æ],∅َّ[æ],-,-
CHAR,مرة,3-final,ة,ة,-,2,unknown,gemination,æ,æ,-,-
WORD,التفاهم,-,التفاهم,التَّفَاهُمُ,CC.CV.CVV.CV.CV,-,-,sun_letters;gemination,uː[l][t]َّfَuː∅ُ[m]ُ,u:[l][t]َّfَu:∅ُ[m]ُ,success,-
CHAR,التفاهم,1-initial,ا,ا,-,1,nucleus,sun_letters;gemination,[t]َّ,[t]َّ,-,-
CHAR,التفاهم,2-medial,ل,ل,-,1,onset,sun_letters;gemination,[t]َّ,[t]َّ,-,-
CHAR,التفاهم,3-medial,ت,تَّ,-,2,onset,sun_letters;gemination,fَuː,fَu:,-,-
CHAR,التفاهم,4-medial,ف,فَ,-,2,onset,sun_letters;gemination,fَuː,fَu:,-,-
CHAR,التفاهم,5-medial,ا,ا,-,2,nucleus,sun_letters;gemination,fَuː,fَu:,-,-
CHAR,التفاهم,6-medial,ه,هُ,-,3,onset,sun_letters;gemination,∅ُ,∅ُ,-,-
CHAR,التفاهم,7-final,م,مُ,-,3,onset,sun_letters;gemination,∅ُ,∅ُ,-,-
WORD,مع,-,مع,مَع,CVC,-,-,-,[m]َ[ʕ],[m]َ[ʕ],success,-
CHAR,مع,1-initial,م,مَ,-,1,unknown,-,m,m,-,-
CHAR,مع,2-final,ع,ع,-,1,unknown,-,ʕ,ʕ,-,-
WORD,زوجها,-,زوجها,زَوَّجَهَا,UNKNOWN(CVVV).CV.CVV,-,-,gemination,zʕَewَّʒَ∅َuː,zʕَewَّZَ∅َu:,warning,syl
CHAR,زوجها,1-initial,ز,زَ,-,1,onset,gemination,ʒَ,Zَ,-,-
CHAR,زوجها,2-medial,و,وَّ,-,1,onset,gemination,ʒَ,Zَ,-,-
CHAR,زوجها,3-medial,ج,جَ,-,1,onset,gemination,ʒَ,Zَ,-,-
CHAR,زوجها,4-medial,ه,هَ,-,1,onset,gemination,ʒَ,Zَ,-,-
CHAR,زوجها,5-final,ا,ا,-,1,nucleus,gemination,ʒَ,Zَ,-,-
WORD,بهدوء,-,بهدوء,بِهُدُوءٍ,CV.CV.CVVC,-,-,-,[b]ِ∅ُ[d]ُowʔٍ,[b]ِ∅ُ[d]ُowʔٍ,success,-
CHAR,بهدوء,1-initial,ب,بِ,-,1,onset,-,∅ُ,∅ُ,-,-
CHAR,بهدوء,2-medial,ه,هُ,-,1,onset,-,∅ُ,∅ُ,-,-
CHAR,بهدوء,3-medial,د,دُ,-,2,onset,-,[d]ُowʔٍ,[d]ُowʔٍ,-,-
CHAR,بهدوء,4-medial,و,و,-,2,coda,-,[d]ُowʔٍ,[d]ُowʔٍ,-,-
CHAR,بهدوء,5-final,ء,ءٍ,-,3,unknown,-,ʔ,ʔ,-,-
WORD,مطالبة,-,مطالبة,مُطَالَبَةٌ,CV.CVV.CV.CVC,-,-,emphatic_spread,[m]ُ[tʕ]َuː[l]َ[b]َ[æ]ٌ,[m]ُ[tʕ]َu:[l]َ[b]َ[æ]ٌ,success,-
CHAR,مطالبة,1-initial,م,مُ,-,1,onset,emphatic_spread,[tʕ]َuː,[tʕ]َu:,-,-
CHAR,مطالبة,2-medial,ط,طَ,-,1,onset,emphatic_spread,[tʕ]َuː,[tʕ]َu:,-,-
CHAR,مطالبة,3-medial,ا,ا,-,2,nucleus,emphatic_spread,[l]َ,[l]َ,-,-
CHAR,مطالبة,4-medial,ل,لَ,-,2,onset,emphatic_spread,[l]َ,[l]َ,-,-
CHAR,مطالبة,5-medial,ب,بَ,-,2,onset,emphatic_spread,[l]َ,[l]َ,-,-
CHAR,مطالبة,6-final,ة,ةٌ,-,3,nucleus,emphatic_spread,[b]َ[æ]ٌ,[b]َ[æ]ٌ,-,-
WORD,بقدر,-,بقدر,بِقَدْرٍ,CV.CVC,-,-,emphatic_spread,[b]ِ[q]َ[d]ْ∅ٍ,[b]ِ[q]َ[d]ْ∅ٍ,success,-
CHAR,بقدر,1-initial,ب,بِ,-,1,onset,emphatic_spread,[q]َ[d]ْ∅ٍ,[q]َ[d]ْ∅ٍ,-,-
CHAR,بقدر,2-medial,ق,قَ,-,1,onset,emphatic_spread,[q]َ[d]ْ∅ٍ,[q]َ[d]ْ∅ٍ,-,-
CHAR,بقدر,3-medial,د,دْ,-,2,unknown,emphatic_spread,d,d,-,-
CHAR,بقدر,4-final,ر,رٍ,-,2,unknown,emphatic_spread,ɾ,ɾ,-,-
WORD,من,-,من,مِن,CVC,-,-,-,[m]ِ[n],[m]ِ[n],success,-
CHAR,من,1-initial,م,مِ,-,1,unknown,-,m,m,-,-
CHAR,من,2-final,ن,ن,-,1,unknown,-,n,n,-,-
WORD,المرونة,-,المرونة,الْمُرُونَةُ,CC.CV.CVV.CV.CV,-,-,-,uː[l]ْ[m]ُ[ɾ]ُow[n]َ[æ]ُ,u:[l]ْ[m]ُ[ɾ]ُow[n]َ[æ]ُ,success,-
CHAR,المرونة,1-initial,ا,ا,-,1,nucleus,-,[m]ُ,[m]ُ,-,-
CHAR,المرونة,2-medial,ل,لْ,-,1,onset,-,[m]ُ,[m]ُ,-,-
CHAR,المرونة,3-medial,م,مُ,-,1,onset,-,[m]ُ,[m]ُ,-,-
CHAR,المرونة,4-medial,ر,رُ,-,2,onset,-,[ɾ]ُow,[ɾ]ُow,-,-
CHAR,المرونة,5-medial,و,و,-,2,onset,-,[ɾ]ُow,[ɾ]ُow,-,-
CHAR,المرونة,6-medial,ن,نَ,-,3,onset,-,[n]َ,[n]َ,-,-
CHAR,المرونة,7-final,ة,ةُ,-,3,nucleus,-,[n]َ,[n]َ,-,-
WORD,وتخصيص,-,وتخصيص,وَتَخْصِيصٌ,CV.UNKNOWN(CVCCVVC),-,-,emphatic_spread,ewَ[t]َ[x]ْ[sʕ]ِej[sʕ]ٌ,ewَ[t]َ[x]ْ[sʕ]ِej[sʕ]ٌ,warning,syl
CHAR,وتخصيص,1-initial,و,وَ,-,1,onset,emphatic_spread,[t]َ[x]ْ[sʕ]ِej[sʕ]ٌ,[t]َ[x]ْ[sʕ]ِej[sʕ]ٌ,-,-
CHAR,وتخصيص,2-medial,ت,تَ,-,1,onset,emphatic_spread,[t]َ[x]ْ[sʕ]ِej[sʕ]ٌ,[t]َ[x]ْ[sʕ]ِej[sʕ]ٌ,-,-
CHAR,وتخصيص,3-medial,خ,خْ,-,2,unknown,emphatic_spread,x,x,-,-
CHAR,وتخصيص,4-medial,ص,صِ,-,2,unknown,emphatic_spread,sʕ,sʕ,-,-
CHAR,وتخصيص,5-medial,ي,ي,-,2,unknown,emphatic_spread,ej,ej,-,-
CHAR,وتخصيص,6-final,ص,صِ,-,2,unknown,emphatic_spread,sʕ,sʕ,-,-
WORD,وقت,-,وقت,وَقْتَ,CV.CCV,-,-,emphatic_spread,ewَ[q]ْ[t]َ,ewَ[q]ْ[t]َ,success,-
CHAR,وقت,1-initial,و,وَ,-,1,onset,emphatic_spread,[q]ْ[t]َ,[q]ْ[t]َ,-,-
CHAR,وقت,2-medial,ق,قْ,-,1,onset,emphatic_spread,[q]ْ[t]َ,[q]ْ[t]َ,-,-
CHAR,وقت,3-final,ت,تَ,-,2,unknown,emphatic_spread,t,t,-,-
WORD,لهما,-,لهما,لهُمَا,CCV.CVV,-,-,-,[l][h]ُ[m]َuː,[l][h]ُ[m]َu:,success,-
CHAR,لهما,1-initial,ل,ل,-,1,onset,-,[m]َuː,[m]َu:,-,-
CHAR,لهما,2-medial,ه,هُ,-,1,onset,-,[m]َuː,[m]َu:,-,-
CHAR,لهما,3-medial,م,مَ,-,1,onset,-,[m]َuː,[m]َu:,-,-
CHAR,لهما,4-final,ا,ا,-,2,unknown,-,uː,u:,-,-
WORD,كزوجين,-,كزوجين,كَزَوْجَيْنِ,CV.CVV.CVV.CV,-,-,-,[k]َzَowْʒَejْ[n~]ِ,[k]َzَowْZَejْ[n~]ِ,success,-
CHAR,كزوجين,1-initial,ك,كَ,-,1,onset,-,zَow,zَow,-,-
CHAR,كزوجين,2-medial,ز,زَ,-,1,onset,-,zَow,zَow,-,-
CHAR,كزوجين,3-medial,و,وْ,-,2,onset,-,ْʒَej,ْZَej,-,-
CHAR,كزوجين,4-medial,ج,جَ,-,2,coda,-,ْʒَej,ْZَej,-,-
CHAR,كزوجين,5-medial,ي,يْ,-,2,onset,-,ْʒَej,ْZَej,-,-
CHAR,كزوجين,6-final,ن,نِ,-,3,coda,-,ْ[n~]ِ,ْ[n~]ِ,-,-
WORD,إلا,-,إلا,إِلَّا,CV.CVV,-,-,gemination,[ʔ]ِ[l~]َّuː,[ʔ]ِ[l~]َّu:,success,-
CHAR,إلا,1-initial,إ,إِ,-,1,nucleus,gemination,[l~]َّuː,[l~]َّu:,-,-
CHAR,إلا,2-medial,ل,لَّ,-,1,onset,gemination,[l~]َّuː,[l~]َّu:,-,-
CHAR,إلا,3-final,ا,ا,-,2,unknown,gemination,uː,u:,-,-
WORD,أنه,-,أنه,أَنّهُ,CV.CCV,-,-,gemination,[ʔ]َ[n~]ّ∅ُ,[ʔ]َ[n~]ّ∅ُ,success,-
CHAR,أنه,1-initial,أ,أَ,-,1,nucleus,gemination,[n~]ّ∅ُ,[n~]ّ∅ُ,-,-
CHAR,أنه,2-medial,ن,نّ,-,1,onset,gemination,[n~]ّ∅ُ,[n~]ّ∅ُ,-,-
CHAR,أنه,3-final,ه,هُ,-,2,unknown,gemination,h,h,-,-
WORD,كان,-,كان,كَان,CVVC,-,-,-,[k]َuː[n],[k]َu:[n],success,-
CHAR,كان,1-initial,ك,كَ,-,1,unknown,-,k,k,-,-
CHAR,كان,2-medial,ا,ا,-,1,unknown,-,uː,u:,-,-
CHAR,كان,3-final,ن,ن,-,1,unknown,-,n,n,-,-
WORD,يرد,-,يرد,يَرُدُّ,CV.CV.CV,-,-,gemination,ejَ[ɾ]ُ[d]ُّ,ejَ[ɾ]ُ[d]ُّ,success,-
CHAR,يرد,1-initial,ي,يَ,-,1,onset,gemination,[ɾ]ُ,[ɾ]ُ,-,-
CHAR,يرد,2-medial,ر,رُ,-,1,onset,gemination,[ɾ]ُ,[ɾ]ُ,-,-
CHAR,يرد,3-final,د,دُّ,-,2,onset,gemination,[d]ُّ,[d]ُّ,-,-
WORD,دائمًا,-,دائمًا,دَائِمًا,CVV.CVC,-,-,-,[d]َuːʔِ[m]ًuː,[d]َu:ʔِ[m]ًu:,success,-
CHAR,دائمًا,1-initial,د,دَ,-,1,onset,-,ʔِ[m]ًuː,ʔِ[m]ًu:,-,-
CHAR,دائمًا,2-medial,ا,ا,-,1,nucleus,-,ʔِ[m]ًuː,ʔِ[m]ًu:,-,-
CHAR,دائمًا,3-medial,ئ,ئِ,-,1,nucleus,-,ʔِ[m]ًuː,ʔِ[m]ًu:,-,-
CHAR,دائمًا,4-medial,م,مً,-,2,unknown,-,m,m,-,-
CHAR,دائمًا,5-medial,ً,ً,-,2,unknown,-,,,-,-
CHAR,دائمًا,6-final,ا,ا,-,2,unknown,-,uː,u:,-,-
WORD,رضا,-,رضا,رِضَا,CV.CVV,-,-,emphatic_spread,[ɾ]ِ[dʕ]َuː,[ɾ]ِ[dʕ]َu:,success,-
CHAR,رضا,1-initial,ر,رِ,-,1,onset,emphatic_spread,[dʕ]َuː,[dʕ]َu:,-,-
CHAR,رضا,2-medial,ض,ضَ,-,1,onset,emphatic_spread,[dʕ]َuː,[dʕ]َu:,-,-
CHAR,رضا,3-final,ا,ا,-,2,unknown,emphatic_spread,uː,u:,-,-
WORD,أمي,-,أمي,أُمِّيٌّ,CV.CVV,-,-,gemination,[ʔ]ُ[m]ِّejٌّ,[ʔ]ُ[m]ِّejٌّ,success,-
CHAR,أمي,1-initial,أ,أُ,-,1,nucleus,gemination,[m]ِّejٌّ,[m]ِّejٌّ,-,-
CHAR,أمي,2-medial,م,مِّ,-,1,onset,gemination,[m]ِّejٌّ,[m]ِّejٌّ,-,-
CHAR,أمي,3-final,ي,يٌّ,-,2,unknown,gemination,ej,ej,-,-
WORD,قبل,-,قبل,قَبْل,CVCC,-,-,emphatic_spread,[ʔ]َ[b]ْ[l],[ʔ]َ[b]ْ[l],success,-
CHAR,قبل,1-initial,ق,قَ,-,1,unknown,emphatic_spread,q,q,-,-
CHAR,قبل,2-medial,ب,بْ,-,1,unknown,emphatic_spread,b,b,-,-
CHAR,قبل,3-final,ل,ل,-,1,unknown,emphatic_spread,l,l,-,-
WORD,أي,-,أي,أي,UNKNOWN,-,-,-,,,error,"diac,syl,ipa"
CHAR,أي,1-initial,أ,أ,-,0,unknown,-,ʔ,ʔ,-,-
CHAR,أي,2-final,ي,ي,-,0,unknown,-,ej,ej,-,-
WORD,حد,-,حد,حَدٌّ,CVC,-,-,gemination,[ħ]َ[d]ٌّ,[X\]َ[d]ٌّ,success,-
CHAR,حد,1-initial,ح,حَ,-,1,unknown,gemination,ħ,X\,-,-
CHAR,حد,2-final,د,دٌّ,-,1,unknown,gemination,d,d,-,-
WORD,ويعتبر,-,ويعتبر,وَيَعْتَبِرُ,UNKNOWN(CVVV).CCV.CV.CV,-,-,-,ewَejَʔْ[t]َbِ∅ُ,ewَejَʔْ[t]َbِ∅ُ,warning,syl
CHAR,ويعتبر,1-initial,و,وَ,-,1,onset,-,ʔْ[t]َ,ʔْ[t]َ,-,-
CHAR,ويعتبر,2-medial,ي,يَ,-,1,onset,-,ʔْ[t]َ,ʔْ[t]َ,-,-
CHAR,ويعتبر,3-medial,ع,عْ,-,1,onset,-,ʔْ[t]َ,ʔْ[t]َ,-,-
CHAR,ويعتبر,4-medial,ت,تَ,-,1,coda,-,ʔْ[t]َ,ʔْ[t]َ,-,-
CHAR,ويعتبر,5-medial,ب,بِ,-,2,onset,-,bِ,bِ,-,-
CHAR,ويعتبر,6-final,ر,رُ,-,2,onset,-,bِ,bِ,-,-
WORD,أي,-,أي,أي,UNKNOWN,-,-,-,,,error,"diac,syl,ipa"
CHAR,أي,1-initial,أ,أ,-,0,unknown,-,ʔ,ʔ,-,-
CHAR,أي,2-final,ي,ي,-,0,unknown,-,ej,ej,-,-
WORD,نقاش,-,نقاش,نِقَاشٌ,CV.CVVC,-,-,emphatic_spread,[n]ِ[q]َuː[ʃ]ٌ,[n]ِ[q]َu:[S]ٌ,success,-
CHAR,نقاش,1-initial,ن,نِ,-,1,onset,emphatic_spread,[q]َuː[ʃ]ٌ,[q]َu:[S]ٌ,-,-
CHAR,نقاش,2-medial,ق,قَ,-,1,onset,emphatic_spread,[q]َuː[ʃ]ٌ,[q]َu:[S]ٌ,-,-
CHAR,نقاش,3-medial,ا,ا,-,2,unknown,emphatic_spread,uː,u:,-,-
CHAR,نقاش,4-final,ش,شٌ,-,2,unknown,emphatic_spread,ʃ,S,-,-
WORD,في,-,في,فِي,CVV,-,-,-,[f]ِej,[f]ِej,success,-
CHAR,في,1-initial,ف,فِ,-,1,unknown,-,f,f,-,-
CHAR,في,2-final,ي,ي,-,1,unknown,-,ej,ej,-,-
WORD,الأمر,-,الأمر,الْأَمْرُ,CC.CV.CCV,-,-,-,uː[l]ْ∅َ[m]ْ∅ُ,u:[l]ْ∅َ[m]ْ∅ُ,success,-
CHAR,الأمر,1-initial,ا,ا,-,1,nucleus,-,∅َ,∅َ,-,-
CHAR,الأمر,2-medial,ل,لْ,-,1,onset,-,∅َ,∅َ,-,-
CHAR,الأمر,3-medial,أ,أَ,-,1,nucleus,-,∅َ,∅َ,-,-
CHAR,الأمر,4-medial,م,مْ,-,2,onset,-,[m]ْ∅ُ,[m]ْ∅ُ,-,-
CHAR,الأمر,5-final,ر,رُ,-,2,coda,-,[m]ْ∅ُ,[m]ْ∅ُ,-,-
WORD,تقليلًا,-,تقليلًا,تَقْليلًا,UNKNOWN(CVCCCCC),-,-,emphatic_spread,[tʕ]َ[ʔ]ْ[l]ej[l]ًuː,[tʕ]َ[ʔ]ْ[l]ej[l]ًu:,warning,syl
CHAR,تقليلًا,1-initial,ت,تَ,-,1,unknown,emphatic_spread,t,t,-,-
CHAR,تقليلًا,2-medial,ق,قْ,-,1,unknown,emphatic_spread,q,q,-,-
CHAR,تقليلًا,3-medial,ل,ل,-,1,unknown,emphatic_spread,l,l,-,-
CHAR,تقليلًا,4-medial,ي,ي,-,1,unknown,emphatic_spread,ej,ej,-,-
CHAR,تقليلًا,5-medial,ل,ل,-,1,unknown,emphatic_spread,l,l,-,-
CHAR,تقليلًا,6-medial,ً,ً,-,1,unknown,emphatic_spread,,,-,-
CHAR,تقليلًا,7-final,ا,ا,-,1,unknown,emphatic_spread,uː,u:,-,-
WORD,من,-,من,مِن,CVC,-,-,-,[m]ِ[n],[m]ِ[n],success,-
CHAR,من,1-initial,م,مِ,-,1,unknown,-,m,m,-,-
CHAR,من,2-final,ن,ن,-,1,unknown,-,n,n,-,-
WORD,شأن,-,شأن,شَأْنٌ,CVC,-,-,-,[ʃ]َ[ʔ]ْ[n]ٌ,[S]َ[ʔ]ْ[n]ٌ,success,-
CHAR,شأن,1-initial,ش,شَ,-,1,unknown,-,ʃ,S,-,-
CHAR,شأن,2-medial,أ,أْ,-,1,unknown,-,ʔ,ʔ,-,-
CHAR,شأن,3-final,ن,نٌ,-,1,unknown,-,n,n,-,-
WORD,والدته,-,والدته,وَالِدَتُهُ,CVV.CV.CV.CV.CV,-,-,-,ewَuː[l]ِdَ[t]ُ∅ُ,ewَu:[l]ِdَ[t]ُ∅ُ,success,-
CHAR,والدته,1-initial,و,وَ,-,1,onset,-,[l]ِ,[l]ِ,-,-
CHAR,والدته,2-medial,ا,ا,-,1,nucleus,-,[l]ِ,[l]ِ,-,-
CHAR,والدته,3-medial,ل,لِ,-,1,onset,-,[l]ِ,[l]ِ,-,-
CHAR,والدته,4-medial,د,دَ,-,2,onset,-,dَ,dَ,-,-
CHAR,والدته,5-medial,ت,تُ,-,2,onset,-,dَ,dَ,-,-
CHAR,والدته,6-final,ه,هُ,-,3,onset,-,[t]ُ,[t]ُ,-,-
WORD,مضيفة,-,مضيفة,مُضِيفَةٌ,CV.CVV.CVC,-,-,emphatic_spread,[m]ُdʕِej[f]َ[æ]ٌ,[m]ُdʕِej[f]َ[æ]ٌ,success,-
CHAR,مضيفة,1-initial,م,مُ,-,1,onset,emphatic_spread,dʕِej,dʕِej,-,-
CHAR,مضيفة,2-medial,ض,ضِ,-,1,onset,emphatic_spread,dʕِej,dʕِej,-,-
CHAR,مضيفة,3-medial,ي,ي,-,2,onset,emphatic_spread,[f]َ[æ]ٌ,[f]َ[æ]ٌ,-,-
CHAR,مضيفة,4-medial,ف,فَ,-,2,onset,emphatic_spread,[f]َ[æ]ٌ,[f]َ[æ]ٌ,-,-
CHAR,مضيفة,5-final,ة,ةٌ,-,2,nucleus,emphatic_spread,[f]َ[æ]ٌ,[f]َ[æ]ٌ,-,-
WORD,حسيت,-,حسيت,حُسِيَتْ,CV.UNKNOWN(CVVVC),-,-,-,[ħ]ُ[s]ِejَ[t]ْ,[X\]ُ[s]ِejَ[t]ْ,warning,syl
CHAR,حسيت,1-initial,ح,حُ,-,1,onset,-,[s]ِejَ[t]ْ,[s]ِejَ[t]ْ,-,-
CHAR,حسيت,2-medial,س,سِ,-,1,onset,-,[s]ِejَ[t]ْ,[s]ِejَ[t]ْ,-,-
CHAR,حسيت,3-medial,ي,يَ,-,2,unknown,-,ej,ej,-,-
CHAR,حسيت,4-final,ت,تْ,-,2,unknown,-,t,t,-,-
WORD,إن,-,إن,إِنّ,CVC,-,-,gemination,[ʔ]ِ[n]ّ,[ʔ]ِ[n]ّ,success,-
CHAR,إن,1-initial,إ,إِ,-,1,unknown,gemination,ʔ,ʔ,-,-
CHAR,إن,2-final,ن,نّ,-,1,unknown,gemination,n,n,-,-
WORD,حياتنا,-,حياتنا,حَيَاتُنَا,UNKNOWN(CVVVV).CV.CVV,-,-,-,[ħ]َejَuː[t]ُ[n~]َuː,[X\]َejَu:[t]ُ[n~]َu:,warning,syl
CHAR,حياتنا,1-initial,ح,حَ,-,1,onset,-,[t]ُ,[t]ُ,-,-
CHAR,حياتنا,2-medial,ي,يَ,-,1,onset,-,[t]ُ,[t]ُ,-,-
CHAR,حياتنا,3-medial,ا,ا,-,1,nucleus,-,[t]ُ,[t]ُ,-,-
CHAR,حياتنا,4-medial,ت,تُ,-,1,onset,-,[t]ُ,[t]ُ,-,-
CHAR,حياتنا,5-medial,ن,نَ,-,1,onset,-,[t]ُ,[t]ُ,-,-
CHAR,حياتنا,6-final,ا,ا,-,2,nucleus,-,[n~]َuː,[n~]َu:,-,-
WORD,كلها,-,كلها,كُلّهَا,UNKNOWN(CVCCVV),-,-,gemination,[k]ُ[l]ّ[h]َuː,[k]ُ[l]ّ[h]َu:,warning,syl
CHAR,كلها,1-initial,ك,كُ,-,1,unknown,gemination,k,k,-,-
CHAR,كلها,2-medial,ل,لّ,-,1,unknown,gemination,l,l,-,-
CHAR,كلها,3-medial,ه,هَ,-,1,unknown,gemination,h,h,-,-
CHAR,كلها,4-final,ا,ا,-,1,unknown,gemination,uː,u:,-,-
WORD,ماشية,-,ماشية,مَاشِيَةٌ,CVV.UNKNOWN(CVVVC),-,-,-,[m]َuː[ʃ]ِejَ[æ]ٌ,[m]َu:[S]ِejَ[æ]ٌ,warning,syl
CHAR,ماشية,1-initial,م,مَ,-,1,onset,-,[ʃ]ِejَ[æ]ٌ,[S]ِejَ[æ]ٌ,-,-
CHAR,ماشية,2-medial,ا,ا,-,1,nucleus,-,[ʃ]ِejَ[æ]ٌ,[S]ِejَ[æ]ٌ,-,-
CHAR,ماشية,3-medial,ش,شِ,-,1,onset,-,[ʃ]ِejَ[æ]ٌ,[S]ِejَ[æ]ٌ,-,-
CHAR,ماشية,4-medial,ي,يَ,-,2,unknown,-,ej,ej,-,-
CHAR,ماشية,5-final,ة,ةٌ,-,2,unknown,-,æ,æ,-,-
WORD,بجدول,-,بجدول,بِجَدْوَلٍ,CV.CV.UNKNOWN(CCVC),-,-,-,[b]ِʒَ[d]ْowَ[l~]ٍ,[b]ِZَ[d]ْowَ[l~]ٍ,warning,syl
CHAR,بجدول,1-initial,ب,بِ,-,1,onset,-,ʒَ,Zَ,-,-
CHAR,بجدول,2-medial,ج,جَ,-,1,onset,-,ʒَ,Zَ,-,-
CHAR,بجدول,3-medial,د,دْ,-,2,onset,-,[d]ْowَ[l~]ٍ,[d]ْowَ[l~]ٍ,-,-
CHAR,بجدول,4-medial,و,وَ,-,2,coda,-,[d]ْowَ[l~]ٍ,[d]ْowَ[l~]ٍ,-,-
CHAR,بجدول,5-final,ل,لٍ,-,3,unknown,-,l,l,-,-
WORD,وأنا,-,وأنا,وأَنَا,CCV.CVV,-,-,-,ew[ʔ]َ[n~]َuː,ew[ʔ]َ[n~]َu:,success,-
CHAR,وأنا,1-initial,و,و,-,1,onset,-,[n~]َuː,[n~]َu:,-,-
CHAR,وأنا,2-medial,أ,أَ,-,1,nucleus,-,[n~]َuː,[n~]َu:,-,-
CHAR,وأنا,3-medial,ن,نَ,-,1,onset,-,[n~]َuː,[n~]َu:,-,-
CHAR,وأنا,4-final,ا,ا,-,2,unknown,-,uː,u:,-,-
WORD,مجرد,-,مجرد,مُجَرَّدٌ,CV.CV.CVC,-,-,gemination,[m]ُʒَ∅َّ[d]ٌ,[m]ُZَ∅َّ[d]ٌ,success,-
CHAR,مجرد,1-initial,م,مُ,-,1,onset,gemination,ʒَ,Zَ,-,-
CHAR,مجرد,2-medial,ج,جَ,-,1,onset,gemination,ʒَ,Zَ,-,-
CHAR,مجرد,3-medial,ر,رَّ,-,2,onset,gemination,∅َّ[d]ٌ,∅َّ[d]ٌ,-,-
CHAR,مجرد,4-final,د,دٌ,-,2,coda,gemination,∅َّ[d]ٌ,∅َّ[d]ٌ,-,-
WORD,إضافة,-,إضافة,إضافة,UNKNOWN,-,-,-,,,error,"diac,syl,ipa"
CHAR,إضافة,1-initial,إ,إ,-,0,unknown,-,ʔ,ʔ,-,-
CHAR,إضافة,2-medial,ض,ض,-,0,unknown,-,dʕ,dʕ,-,-
CHAR,إضافة,3-medial,ا,ا,-,0,unknown,-,uː,u:,-,-
CHAR,إضافة,4-medial,ف,ف,-,0,unknown,-,f,f,-,-
CHAR,إضافة,5-final,ة,ة,-,0,unknown,-,æ,æ,-,-
WORD,ولفتت,-,ولفتت,وَلَفَتَتْ,CV.CV.CV.CVC,-,-,-,ewَ[l]َfَ[t]َ[t]ْ,ewَ[l]َfَ[t]َ[t]ْ,success,-
CHAR,ولفتت,1-initial,و,وَ,-,1,onset,-,[l]َ,[l]َ,-,-
CHAR,ولفتت,2-medial,ل,لَ,-,1,onset,-,[l]َ,[l]َ,-,-
CHAR,ولفتت,3-medial,ف,فَ,-,2,onset,-,fَ,fَ,-,-
CHAR,ولفتت,4-medial,ت,تَ,-,2,onset,-,fَ,fَ,-,-
CHAR,ولفتت,5-final,ت,تَ,-,3,onset,-,[t]َ[t]ْ,[t]َ[t]ْ,-,-
WORD,الزوجة,-,الزوجة,الزَّوْجَةُ,CC.CVV.CV.CV,-,-,sun_letters;gemination,uː[l]zَّowْʒَ[æ]ُ,u:[l]zَّowْZَ[æ]ُ,success,-
CHAR,الزوجة,1-initial,ا,ا,-,1,nucleus,sun_letters;gemination,zَّow,zَّow,-,-
CHAR,الزوجة,2-medial,ل,ل,-,1,onset,sun_letters;gemination,zَّow,zَّow,-,-
CHAR,الزوجة,3-medial,ز,زَّ,-,2,onset,sun_letters;gemination,ْʒَ,ْZَ,-,-
CHAR,الزوجة,4-medial,و,وْ,-,2,onset,sun_letters;gemination,ْʒَ,ْZَ,-,-
CHAR,الزوجة,5-medial,ج,جَ,-,2,coda,sun_letters;gemination,ْʒَ,ْZَ,-,-
CHAR,الزوجة,6-final,ة,ةُ,-,2,nucleus,sun_letters;gemination,ْʒَ,ْZَ,-,-
WORD,إلى,-,إلى,إِلَى,CV.CVC,-,-,-,[ʔ]ِ[l~]َuː,[ʔ]ِ[l~]َu:,success,-
CHAR,إلى,1-initial,إ,إِ,-,1,nucleus,-,[l~]َuː,[l~]َu:,-,-
CHAR,إلى,2-medial,ل,لَ,-,1,onset,-,[l~]َuː,[l~]َu:,-,-
CHAR,إلى,3-final,ى,ى,-,2,unknown,-,uː,u:,-,-
WORD,أن,-,أن,أَنّ,CVC,-,-,gemination,[ʔ]َ[n]ّ,[ʔ]َ[n]ّ,success,-
CHAR,أن,1-initial,أ,أَ,-,1,unknown,gemination,ʔ,ʔ,-,-
CHAR,أن,2-final,ن,نّ,-,1,unknown,gemination,n,n,-,-
WORD,تدخلات,-,تدخلات,تَدَخُّلَاتٌ,CV.CV.CV.CVVC,-,-,gemination,[tʕ]َdَ[x]ُّ[l~]َuː[t]ٌ,[tʕ]َdَ[x]ُّ[l~]َu:[t]ٌ,success,-
CHAR,تدخلات,1-initial,ت,تَ,-,1,onset,gemination,dَ,dَ,-,-
CHAR,تدخلات,2-medial,د,دَ,-,1,onset,gemination,dَ,dَ,-,-
CHAR,تدخلات,3-medial,خ,خُّ,-,2,onset,gemination,[x]ُّ,[x]ُّ,-,-
CHAR,تدخلات,4-medial,ل,لَ,-,2,onset,gemination,[x]ُّ,[x]ُّ,-,-
CHAR,تدخلات,5-medial,ا,ا,-,3,nucleus,gemination,[l~]َuː[t]ٌ,[l~]َu:[t]ٌ,-,-
CHAR,تدخلات,6-final,ت,تَ,-,3,coda,gemination,[l~]َuː[t]ٌ,[l~]َu:[t]ٌ,-,-
WORD,حماتها,-,حماتها,حَمَاتُهَا,CV.CVV.CV.CVV,-,-,-,[ħ]َ[m]َuː[t]ُ∅َuː,[X\]َ[m]َu:[t]ُ∅َu:,success,-
CHAR,حماتها,1-initial,ح,حَ,-,1,onset,-,[m]َuː,[m]َu:,-,-
CHAR,حماتها,2-medial,م,مَ,-,1,onset,-,[m]َuː,[m]َu:,-,-
CHAR,حماتها,3-medial,ا,ا,-,2,nucleus,-,[t]ُ,[t]ُ,-,-
CHAR,حماتها,4-medial,ت,تُ,-,2,onset,-,[t]ُ,[t]ُ,-,-
CHAR,حماتها,5-medial,ه,هَ,-,2,onset,-,[t]ُ,[t]ُ,-,-
CHAR,حماتها,6-final,ا,ا,-,3,nucleus,-,∅َuː,∅َu:,-,-
WORD,في,-,في,فِي,CVV,-,-,-,[f]ِej,[f]ِej,success,-
CHAR,في,1-initial,ف,فِ,-,1,unknown,-,f,f,-,-
CHAR,في,2-final,ي,ي,-,1,unknown,-,ej,ej,-,-
WORD,تفاصيل,-,تفاصيل,تَفَاصِيلُ,CV.CVV.CVV.CV,-,-,emphatic_spread,[tʕ]َfَuː[sʕ]ِej[l~]ُ,[tʕ]َfَu:[sʕ]ِej[l~]ُ,success,-
CHAR,تفاصيل,1-initial,ت,تَ,-,1,onset,emphatic_spread,fَuː,fَu:,-,-
CHAR,تفاصيل,2-medial,ف,فَ,-,1,onset,emphatic_spread,fَuː,fَu:,-,-
CHAR,تفاصيل,3-medial,ا,ا,-,2,nucleus,emphatic_spread,[sʕ]ِej,[sʕ]ِej,-,-
CHAR,تفاصيل,4-medial,ص,صِ,-,2,onset,emphatic_spread,[sʕ]ِej,[sʕ]ِej,-,-
CHAR,تفاصيل,5-medial,ي,ي,-,2,onset,emphatic_spread,[sʕ]ِej,[sʕ]ِej,-,-
CHAR,تفاصيل,6-final,ل,لُ,-,3,onset,emphatic_spread,[l~]ُ,[l~]ُ,-,-
WORD,حياتهما,-,حياتهما,حَيَاتُهُمَا,UNKNOWN(CVVVV).CV.CV.CVV,-,-,-,[ħ]َejَuː[t]ُ∅ُ[m]َuː,[X\]َejَu:[t]ُ∅ُ[m]َu:,warning,syl
CHAR,حياتهما,1-initial,ح,حَ,-,1,onset,-,[t]ُ,[t]ُ,-,-
CHAR,حياتهما,2-medial,ي,يَ,-,1,onset,-,[t]ُ,[t]ُ,-,-
CHAR,حياتهما,3-medial,ا,ا,-,1,nucleus,-,[t]ُ,[t]ُ,-,-
CHAR,حياتهما,4-medial,ت,تُ,-,1,onset,-,[t]ُ,[t]ُ,-,-
CHAR,حياتهما,5-medial,ه,هُ,-,1,onset,-,[t]ُ,[t]ُ,-,-
CHAR,حياتهما,6-medial,م,مَ,-,2,onset,-,∅ُ,∅ُ,-,-
CHAR,حياتهما,7-final,ا,ا,-,2,nucleus,-,∅ُ,∅ُ,-,-
WORD,الخاصة,-,الخاصة,الْخَاصَّةُ,CC.CVV.CV.CV,-,-,emphatic_spread;gemination,uː[l]ْ[x]َuː[sʕ]َّ[æ]ُ,u:[l]ْ[x]َu:[sʕ]َّ[æ]ُ,success,-
CHAR,الخاصة,1-initial,ا,ا,-,1,nucleus,emphatic_spread;gemination,[x]َuː,[x]َu:,-,-
CHAR,الخاصة,2-medial,ل,لْ,-,1,onset,emphatic_spread;gemination,[x]َuː,[x]َu:,-,-
CHAR,الخاصة,3-medial,خ,خَ,-,1,onset,emphatic_spread;gemination,[x]َuː,[x]َu:,-,-
CHAR,الخاصة,4-medial,ا,ا,-,2,nucleus,emphatic_spread;gemination,[sʕ]َّ,[sʕ]َّ,-,-
CHAR,الخاصة,5-medial,ص,صَّ,-,2,onset,emphatic_spread;gemination,[sʕ]َّ,[sʕ]َّ,-,-
CHAR,الخاصة,6-final,ة,ةُ,-,2,nucleus,emphatic_spread;gemination,[sʕ]َّ,[sʕ]َّ,-,-
WORD,زادت,-,زادت,زَادَتْ,CVV.CVC,-,-,-,zʕَuː[d]َ[t]ْ,zʕَu:[d]َ[t]ْ,success,-
CHAR,زادت,1-initial,ز,زَ,-,1,onset,-,[d]َ[t]ْ,[d]َ[t]ْ,-,-
CHAR,زادت,2-medial,ا,ا,-,1,nucleus,-,[d]َ[t]ْ,[d]َ[t]ْ,-,-
CHAR,زادت,3-medial,د,دَ,-,1,onset,-,[d]َ[t]ْ,[d]َ[t]ْ,-,-
CHAR,زادت,4-final,ت,تْ,-,2,unknown,-,t,t,-,-
WORD,من,-,من,مِن,CVC,-,-,-,[m]ِ[n],[m]ِ[n],success,-
CHAR,من,1-initial,م,مِ,-,1,unknown,-,m,m,-,-
CHAR,من,2-final,ن,ن,-,1,unknown,-,n,n,-,-
WORD,حدة,-,حدة,حَدَّةٌ,CV.CVC,-,-,gemination,[ħ]َ[d]َّ[æ]ٌ,[X\]َ[d]َّ[æ]ٌ,success,-
CHAR,حدة,1-initial,ح,حَ,-,1,onset,gemination,[d]َّ[æ]ٌ,[d]َّ[æ]ٌ,-,-
CHAR,حدة,2-medial,د,دَّ,-,1,onset,gemination,[d]َّ[æ]ٌ,[d]َّ[æ]ٌ,-,-
CHAR,حدة,3-final,ة,ةٌ,-,2,unknown,gemination,æ,æ,-,-
WORD,الخلافات,-,الخلافات,الْخِلَاَفَاتُ,CC.CV.UNKNOWN(CVVV).CVV.CV,-,-,-,uː[l]ْ[x]ِ[l]َuːَfَuː[t]ُ,u:[l]ْ[x]ِ[l]َu:َfَu:[t]ُ,warning,syl
CHAR,الخلافات,1-initial,ا,ا,-,1,nucleus,-,[x]ِ,[x]ِ,-,-
CHAR,الخلافات,2-medial,ل,لْ,-,1,onset,-,[x]ِ,[x]ِ,-,-
CHAR,الخلافات,3-medial,خ,خِ,-,1,onset,-,[x]ِ,[x]ِ,-,-
CHAR,الخلافات,4-medial,ل,لْ,-,2,onset,-,[l]َuːَ,[l]َu:َ,-,-
CHAR,الخلافات,5-medial,ا,ا,-,2,nucleus,-,[l]َuːَ,[l]َu:َ,-,-
CHAR,الخلافات,6-medial,ف,فَ,-,3,onset,-,fَuː,fَu:,-,-
CHAR,الخلافات,7-medial,ا,ا,-,3,nucleus,-,fَuː,fَu:,-,-
CHAR,الخلافات,8-final,ت,تُ,-,3,onset,-,fَuː,fَu:,-,-
WORD,خاصة,-,خاصة,خَاصَّةٌ,CVV.CVC,-,-,emphatic_spread;gemination,[x]َuː[sʕ]َّ[æ]ٌ,[x]َu:[sʕ]َّ[æ]ٌ,success,-
CHAR,خاصة,1-initial,خ,خَ,-,1,onset,emphatic_spread;gemination,[sʕ]َّ[æ]ٌ,[sʕ]َّ[æ]ٌ,-,-
CHAR,خاصة,2-medial,ا,ا,-,1,nucleus,emphatic_spread;gemination,[sʕ]َّ[æ]ٌ,[sʕ]َّ[æ]ٌ,-,-
CHAR,خاصة,3-medial,ص,صَّ,-,1,onset,emphatic_spread;gemination,[sʕ]َّ[æ]ٌ,[sʕ]َّ[æ]ٌ,-,-
CHAR,خاصة,4-final,ة,ةٌ,-,2,unknown,emphatic_spread;gemination,æ,æ,-,-
WORD,مع,-,مع,مَع,CVC,-,-,-,[m]َ[ʕ],[m]َ[ʕ],success,-
CHAR,مع,1-initial,م,مَ,-,1,unknown,-,m,m,-,-
CHAR,مع,2-final,ع,ع,-,1,unknown,-,ʕ,ʕ,-,-
WORD,تكرار,-,تكرار,تَكْرَارٌ,UNKNOWN(CVCCVVC),-,-,-,[tʕ]َ[k]ْ[ɾ]َuː[ɾ]ٌ,[tʕ]َ[k]ْ[ɾ]َu:[ɾ]ٌ,warning,syl
CHAR,تكرار,1-initial,ت,تَ,-,1,unknown,-,t,t,-,-
CHAR,تكرار,2-medial,ك,كْ,-,1,unknown,-,k,k,-,-
CHAR,تكرار,3-medial,ر,رَ,-,1,unknown,-,ɾ,ɾ,-,-
CHAR,تكرار,4-medial,ا,ا,-,1,unknown,-,uː,u:,-,-
CHAR,تكرار,5-final,ر,رَ,-,1,unknown,-,ɾ,ɾ,-,-
WORD,الزيارات,-,الزيارات,الزِّيَارَاتُ,CC.UNKNOWN(CVVVV).CVV.CV,-,-,sun_letters;gemination,uː[l]zِّejَuː[ɾ]َuː[t]ُ,u:[l]zِّejَu:[ɾ]َu:[t]ُ,warning,syl
CHAR,الزيارات,1-initial,ا,ا,-,1,nucleus,sun_letters;gemination,zِّejَuː,zِّejَu:,-,-
CHAR,الزيارات,2-medial,ل,ل,-,1,onset,sun_letters;gemination,zِّejَuː,zِّejَu:,-,-
CHAR,الزيارات,3-medial,ز,زِّ,-,2,onset,sun_letters;gemination,[ɾ]َuː,[ɾ]َu:,-,-
CHAR,الزيارات,4-medial,ي,يَ,-,2,onset,sun_letters;gemination,[ɾ]َuː,[ɾ]َu:,-,-
CHAR,الزيارات,5-medial,ا,ا,-,2,nucleus,sun_letters;gemination,[ɾ]َuː,[ɾ]َu:,-,-
CHAR,الزيارات,6-medial,ر,رَ,-,2,onset,sun_letters;gemination,[ɾ]َuː,[ɾ]َu:,-,-
CHAR,الزيارات,7-medial,ا,ا,-,2,nucleus,sun_letters;gemination,[ɾ]َuː,[ɾ]َu:,-,-
CHAR,الزيارات,8-final,ت,تُ,-,2,onset,sun_letters;gemination,[ɾ]َuː,[ɾ]َu:,-,-
WORD,الأسبوعية,-,الأسبوعية,الْأُسْبُوعِيَّةُ,CC.UNKNOWN(CVCCVV).UNKNOWN(CVVV).CV,-,-,gemination,uː[l]ْ∅ُ[s]ْbُowʔِejَّ[æ]ُ,u:[l]ْ∅ُ[s]ْbُowʔِejَّ[æ]ُ,warning,syl
CHAR,الأسبوعية,1-initial,ا,ا,-,1,nucleus,gemination,∅ُ[s]ْbُow,∅ُ[s]ْbُow,-,-
CHAR,الأسبوعية,2-medial,ل,لْ,-,1,onset,gemination,∅ُ[s]ْbُow,∅ُ[s]ْbُow,-,-
CHAR,الأسبوعية,3-medial,أ,أُ,-,1,nucleus,gemination,∅ُ[s]ْbُow,∅ُ[s]ْbُow,-,-
CHAR,الأسبوعية,4-medial,س,سْ,-,2,onset,gemination,ʔِejَّ,ʔِejَّ,-,-
CHAR,الأسبوعية,5-medial,ب,بُ,-,2,onset,gemination,ʔِejَّ,ʔِejَّ,-,-
CHAR,الأسبوعية,6-medial,و,و,-,2,onset,gemination,ʔِejَّ,ʔِejَّ,-,-
CHAR,الأسبوعية,7-medial,ع,عِ,-,2,onset,gemination,ʔِejَّ,ʔِejَّ,-,-
CHAR,الأسبوعية,8-medial,ي,يَّ,-,2,coda,gemination,ʔِejَّ,ʔِejَّ,-,-
CHAR,الأسبوعية,9-final,ة,ةُ,-,2,nucleus,gemination,ʔِejَّ,ʔِejَّ,-,-
WORD,قائلة,-,قائلة,قَائِلَةٌ,CVV.CV.CVC,-,-,emphatic_spread,[ʔ]َuːʔِ[l~]َ[æ]ٌ,[ʔ]َu:ʔِ[l~]َ[æ]ٌ,success,-
CHAR,قائلة,1-initial,ق,قَ,-,1,onset,emphatic_spread,ʔِ,ʔِ,-,-
CHAR,قائلة,2-medial,ا,ا,-,1,nucleus,emphatic_spread,ʔِ,ʔِ,-,-
CHAR,قائلة,3-medial,ئ,ئِ,-,1,nucleus,emphatic_spread,ʔِ,ʔِ,-,-
CHAR,قائلة,4-medial,ل,لَ,-,2,onset,emphatic_spread,[l~]َ[æ]ٌ,[l~]َ[æ]ٌ,-,-
CHAR,قائلة,5-final,ة,ةٌ,-,2,nucleus,emphatic_spread,[l~]َ[æ]ٌ,[l~]َ[æ]ٌ,-,-
WORD,بيحكيلها,-,بيحكيلها,بيحكيلها,UNKNOWN,-,-,-,,,error,"diac,syl,ipa"
CHAR,بيحكيلها,1-initial,ب,ب,-,0,unknown,-,b,b,-,-
CHAR,بيحكيلها,2-medial,ي,ي,-,0,unknown,-,ej,ej,-,-
CHAR,بيحكيلها,3-medial,ح,ح,-,0,unknown,-,ħ,X\,-,-
CHAR,بيحكيلها,4-medial,ك,ك,-,0,unknown,-,k,k,-,-
CHAR,بيحكيلها,5-medial,ي,ي,-,0,unknown,-,ej,ej,-,-
CHAR,بيحكيلها,6-medial,ل,ل,-,0,unknown,-,l,l,-,-
CHAR,بيحكيلها,7-medial,ه,ه,-,0,unknown,-,h,h,-,-
CHAR,بيحكيلها,8-final,ا,ا,-,0,unknown,-,uː,u:,-,-
WORD,تفاصيل,-,تفاصيل,تَفَاصِيلُ,CV.CVV.CVV.CV,-,-,emphatic_spread,[tʕ]َfَuː[sʕ]ِej[l~]ُ,[tʕ]َfَu:[sʕ]ِej[l~]ُ,success,-
CHAR,تفاصيل,1-initial,ت,تَ,-,1,onset,emphatic_spread,fَuː,fَu:,-,-
CHAR,تفاصيل,2-medial,ف,فَ,-,1,onset,emphatic_spread,fَuː,fَu:,-,-
CHAR,تفاصيل,3-medial,ا,ا,-,2,nucleus,emphatic_spread,[sʕ]ِej,[sʕ]ِej,-,-
CHAR,تفاصيل,4-medial,ص,صِ,-,2,onset,emphatic_spread,[sʕ]ِej,[sʕ]ِej,-,-
CHAR,تفاصيل,5-medial,ي,ي,-,2,onset,emphatic_spread,[sʕ]ِej,[sʕ]ِej,-,-
CHAR,تفاصيل,6-final,ل,لُ,-,3,onset,emphatic_spread,[l~]ُ,[l~]ُ,-,-
WORD,بيتنا,-,بيتنا,بَيَّتَنَا,UNKNOWN(CVVV).CV.CVV,-,-,gemination,[b]َejَّ[t]َ[n~]َuː,[b]َejَّ[t]َ[n~]َu:,warning,syl
CHAR,بيتنا,1-initial,ب,بَ,-,1,onset,gemination,[t]َ,[t]َ,-,-
CHAR,بيتنا,2-medial,ي,يَّ,-,1,onset,gemination,[t]َ,[t]َ,-,-
CHAR,بيتنا,3-medial,ت,تَ,-,1,onset,gemination,[t]َ,[t]َ,-,-
CHAR,بيتنا,4-medial,ن,نَ,-,1,onset,gemination,[t]َ,[t]َ,-,-
CHAR,بيتنا,5-final,ا,ا,-,1,nucleus,gemination,[t]َ,[t]َ,-,-
WORD,ما,-,ما,مَا,CVV,-,-,-,[m]َuː,[m]َu:,success,-
CHAR,ما,1-initial,م,مَ,-,1,unknown,-,m,m,-,-
CHAR,ما,2-final,ا,ا,-,1,unknown,-,uː,u:,-,-
WORD,تسبب,-,تسبب,تَسَبَّبَ,CV.CV.CV.CV,-,-,gemination,[tʕ]َ[s]َbَّ[b]َ,[tʕ]َ[s]َbَّ[b]َ,success,-
CHAR,تسبب,1-initial,ت,تَ,-,1,onset,gemination,[s]َ,[s]َ,-,-
CHAR,تسبب,2-medial,س,سَ,-,1,onset,gemination,[s]َ,[s]َ,-,-
CHAR,تسبب,3-medial,ب,بَّ,-,2,onset,gemination,bَّ,bَّ,-,-
CHAR,تسبب,4-final,ب,بَّ,-,2,onset,gemination,bَّ,bَّ,-,-
WORD,في,-,في,فِي,CVV,-,-,-,[f]ِej,[f]ِej,success,-
CHAR,في,1-initial,ف,فِ,-,1,unknown,-,f,f,-,-
CHAR,في,2-final,ي,ي,-,1,unknown,-,ej,ej,-,-
WORD,شعورها,-,شعورها,شُعُورُهَا,CV.CVV.CV.CVV,-,-,-,[ʃ]ُʔُow[ɾ]ُ∅َuː,[S]ُʔُow[ɾ]ُ∅َu:,success,-
CHAR,شعورها,1-initial,ش,شُ,-,1,onset,-,ʔُow,ʔُow,-,-
CHAR,شعورها,2-medial,ع,عُ,-,1,onset,-,ʔُow,ʔُow,-,-
CHAR,شعورها,3-medial,و,و,-,2,onset,-,[ɾ]ُ,[ɾ]ُ,-,-
CHAR,شعورها,4-medial,ر,رُ,-,2,onset,-,[ɾ]ُ,[ɾ]ُ,-,-
CHAR,شعورها,5-medial,ه,هَ,-,2,onset,-,[ɾ]ُ,[ɾ]ُ,-,-
CHAR,شعورها,6-final,ا,ا,-,3,nucleus,-,∅َuː,∅َu:,-,-
WORD,بعدم,-,بعدم,بِعَدَمٍ,CV.CV.CVC,-,-,-,[b]ِʔَ[d]َ[m]ٍ,[b]ِʔَ[d]َ[m]ٍ,success,-
CHAR,بعدم,1-initial,ب,بِ,-,1,onset,-,ʔَ,ʔَ,-,-
CHAR,بعدم,2-medial,ع,عَ,-,1,onset,-,ʔَ,ʔَ,-,-
CHAR,بعدم,3-medial,د,دَ,-,2,onset,-,[d]َ[m]ٍ,[d]َ[m]ٍ,-,-
CHAR,بعدم,4-final,م,مٍ,-,2,coda,-,[d]َ[m]ٍ,[d]َ[m]ٍ,-,-
WORD,الارتياح,-,الارتياح,الْاِرْتِيَاحُ,CC.UNKNOWN(CVCCVVVV).CV,-,-,-,uː[l]ْuːِ[ɾ]ْ[t]ِejَuː[ħ]ُ,u:[l]ْu:ِ[ɾ]ْ[t]ِejَu:[X\]ُ,warning,syl
CHAR,الارتياح,1-initial,ا,ا,-,1,nucleus,-,uːِ[ɾ]ْ[t]ِejَuː,u:ِ[ɾ]ْ[t]ِejَu:,-,-
CHAR,الارتياح,2-medial,ل,لْ,-,1,onset,-,uːِ[ɾ]ْ[t]ِejَuː,u:ِ[ɾ]ْ[t]ِejَu:,-,-
CHAR,الارتياح,3-medial,ا,ا,-,1,nucleus,-,uːِ[ɾ]ْ[t]ِejَuː,u:ِ[ɾ]ْ[t]ِejَu:,-,-
CHAR,الارتياح,4-medial,ر,رْ,-,2,onset,-,[ħ]ُ,[X\]ُ,-,-
CHAR,الارتياح,5-medial,ت,تِ,-,2,onset,-,[ħ]ُ,[X\]ُ,-,-
CHAR,الارتياح,6-medial,ي,يَ,-,2,onset,-,[ħ]ُ,[X\]ُ,-,-
CHAR,الارتياح,7-medial,ا,ا,-,2,nucleus,-,[ħ]ُ,[X\]ُ,-,-
CHAR,الارتياح,8-final,ح,حُ,-,2,onset,-,[ħ]ُ,[X\]ُ,-,-
WORD,داخل,-,داخل,دَاخِلٌ,CVV.CVC,-,-,-,[d]َuː[x]ِ[l~]ٌ,[d]َu:[x]ِ[l~]ٌ,success,-
CHAR,داخل,1-initial,د,دَ,-,1,onset,-,[x]ِ[l~]ٌ,[x]ِ[l~]ٌ,-,-
CHAR,داخل,2-medial,ا,ا,-,1,nucleus,-,[x]ِ[l~]ٌ,[x]ِ[l~]ٌ,-,-
CHAR,داخل,3-medial,خ,خِ,-,1,onset,-,[x]ِ[l~]ٌ,[x]ِ[l~]ٌ,-,-
CHAR,داخل,4-final,ل,لٌ,-,2,unknown,-,l,l,-,-
WORD,منزل,-,منزل,مَنْزِلٌ,CV.UNKNOWN(CCVC),-,-,-,[m]َ[n~]ْðِ[l~]ٌ,[m]َ[n~]ْDِ[l~]ٌ,warning,syl
CHAR,منزل,1-initial,م,مَ,-,1,onset,-,[n~]ْðِ[l~]ٌ,[n~]ْDِ[l~]ٌ,-,-
CHAR,منزل,2-medial,ن,نْ,-,1,onset,-,[n~]ْðِ[l~]ٌ,[n~]ْDِ[l~]ٌ,-,-
CHAR,منزل,3-medial,ز,زِ,-,2,unknown,-,zʕ,zʕ,-,-
CHAR,منزل,4-final,ل,لٌ,-,2,unknown,-,l,l,-,-
WORD,الزوجية,-,الزوجية,الزَّوْجِيَّةُ,CC.CVV.UNKNOWN(CVVV).CV,-,-,sun_letters;gemination,uː[l]zَّowْʒِejَّ[æ]ُ,u:[l]zَّowْZِejَّ[æ]ُ,warning,syl
CHAR,الزوجية,1-initial,ا,ا,-,1,nucleus,sun_letters;gemination,zَّow,zَّow,-,-
CHAR,الزوجية,2-medial,ل,ل,-,1,onset,sun_letters;gemination,zَّow,zَّow,-,-
CHAR,الزوجية,3-medial,ز,زَّ,-,2,onset,sun_letters;gemination,ْʒِejَّ,ْZِejَّ,-,-
CHAR,الزوجية,4-medial,و,وْ,-,2,onset,sun_letters;gemination,ْʒِejَّ,ْZِejَّ,-,-
CHAR,الزوجية,5-medial,ج,جِ,-,2,coda,sun_letters;gemination,ْʒِejَّ,ْZِejَّ,-,-
CHAR,الزوجية,6-medial,ي,يَّ,-,2,coda,sun_letters;gemination,ْʒِejَّ,ْZِejَّ,-,-
CHAR,الزوجية,7-final,ة,ةُ,-,3,nucleus,sun_letters;gemination,[æ]ُ,[æ]ُ,-,-
WORD,وأكدت,-,وأكدت,وَأَكَّدَتْ,CV.CV.CV.CVC,-,-,gemination,ewَ∅َ[k͡x]َّ[d]َ[t]ْ,ewَ∅َ[k͡x]َّ[d]َ[t]ْ,success,-
CHAR,وأكدت,1-initial,و,وَ,-,1,onset,gemination,∅َ,∅َ,-,-
CHAR,وأكدت,2-medial,أ,أَ,-,1,nucleus,gemination,∅َ,∅َ,-,-
CHAR,وأكدت,3-medial,ك,كَّ,-,2,onset,gemination,[k͡x]َّ,[k͡x]َّ,-,-
CHAR,وأكدت,4-medial,د,دَ,-,2,onset,gemination,[k͡x]َّ,[k͡x]َّ,-,-
CHAR,وأكدت,5-final,ت,تْ,-,3,coda,gemination,[d]َ[t]ْ,[d]َ[t]ْ,-,-
WORD,أن,-,أن,أَنّ,CVC,-,-,gemination,[ʔ]َ[n]ّ,[ʔ]َ[n]ّ,success,-
CHAR,أن,1-initial,أ,أَ,-,1,unknown,gemination,ʔ,ʔ,-,-
CHAR,أن,2-final,ن,نّ,-,1,unknown,gemination,n,n,-,-
WORD,الضغوط,-,الضغوط,الضُّغُوطُ,CC.CV.CVV.CV,-,-,emphatic_spread;sun_letters;gemination,uː[l]dʕُّ[ʁː]ُow[tʕ]ُ,u:[l]dʕُّ[X:]ُow[tʕ]ُ,success,-
CHAR,الضغوط,1-initial,ا,ا,-,1,nucleus,emphatic_spread;sun_letters;gemination,dʕُّ,dʕُّ,-,-
CHAR,الضغوط,2-medial,ل,ل,-,1,onset,emphatic_spread;sun_letters;gemination,dʕُّ,dʕُّ,-,-
CHAR,الضغوط,3-medial,ض,ضُّ,-,2,onset,emphatic_spread;sun_letters;gemination,[ʁː]ُow,[X:]ُow,-,-
CHAR,الضغوط,4-medial,غ,غُ,-,2,onset,emphatic_spread;sun_letters;gemination,[ʁː]ُow,[X:]ُow,-,-
CHAR,الضغوط,5-medial,و,و,-,2,onset,emphatic_spread;sun_letters;gemination,[ʁː]ُow,[X:]ُow,-,-
CHAR,الضغوط,6-final,ط,طُ,-,3,onset,emphatic_spread;sun_letters;gemination,[tʕ]ُ,[tʕ]ُ,-,-
WORD,النفسية,-,النفسية,النَّفْسِيَّةُ,CC.UNKNOWN(CVCCVVV).CV,-,-,sun_letters;gemination,uː[l][n]َّfْ[s]ِejَّ[æ]ُ,u:[l][n]َّfْ[s]ِejَّ[æ]ُ,warning,syl
CHAR,النفسية,1-initial,ا,ا,-,1,nucleus,sun_letters;gemination,[n]َّfْ[s]ِejَّ,[n]َّfْ[s]ِejَّ,-,-
CHAR,النفسية,2-medial,ل,ل,-,1,onset,sun_letters;gemination,[n]َّfْ[s]ِejَّ,[n]َّfْ[s]ِejَّ,-,-
CHAR,النفسية,3-medial,ن,نَّ,-,2,onset,sun_letters;gemination,[æ]ُ,[æ]ُ,-,-
CHAR,النفسية,4-medial,ف,فْ,-,2,onset,sun_letters;gemination,[æ]ُ,[æ]ُ,-,-
CHAR,النفسية,5-medial,س,سِ,-,2,onset,sun_letters;gemination,[æ]ُ,[æ]ُ,-,-
CHAR,النفسية,6-medial,ي,يَّ,-,2,onset,sun_letters;gemination,[æ]ُ,[æ]ُ,-,-
CHAR,النفسية,7-final,ة,ةُ,-,2,nucleus,sun_letters;gemination,[æ]ُ,[æ]ُ,-,-
WORD,الناتجة,-,الناتجة,النَّاتِجَةُ,CC.CVV.CV.CV.CV,-,-,sun_letters;gemination,uː[l][n]َّuː[t]ِʒَ[æ]ُ,u:[l][n]َّu:[t]ِZَ[æ]ُ,success,-
CHAR,الناتجة,1-initial,ا,ا,-,1,nucleus,sun_letters;gemination,[n]َّuː,[n]َّu:,-,-
CHAR,الناتجة,2-medial,ل,ل,-,1,onset,sun_letters;gemination,[n]َّuː,[n]َّu:,-,-
CHAR,الناتجة,3-medial,ن,نَّ,-,2,onset,sun_letters;gemination,[t]ِ,[t]ِ,-,-
CHAR,الناتجة,4-medial,ا,ا,-,2,nucleus,sun_letters;gemination,[t]ِ,[t]ِ,-,-
CHAR,الناتجة,5-medial,ت,تِ,-,2,onset,sun_letters;gemination,[t]ِ,[t]ِ,-,-
CHAR,الناتجة,6-medial,ج,جَ,-,2,onset,sun_letters;gemination,[t]ِ,[t]ِ,-,-
CHAR,الناتجة,7-final,ة,ةُ,-,3,nucleus,sun_letters;gemination,ʒَ,Zَ,-,-
WORD,عن,-,عن,عَن,CVC,-,-,-,[ʕ]َ[n],[ʕ]َ[n],success,-
CHAR,عن,1-initial,ع,عَ,-,1,unknown,-,ʕ,ʕ,-,-
CHAR,عن,2-final,ن,ن,-,1,unknown,-,n,n,-,-
WORD,هذا,-,هذا,هَذَا,CV.CVV,-,-,-,[h]َdَuː,[h]َdَu:,success,-
CHAR,هذا,1-initial,ه,هَ,-,1,onset,-,dَuː,dَu:,-,-
CHAR,هذا,2-medial,ذ,ذَ,-,1,onset,-,dَuː,dَu:,-,-
CHAR,هذا,3-final,ا,ا,-,2,unknown,-,uː,u:,-,-
WORD,الروتين,-,الروتين,الرُّوتِينُ,CC.CVV.CVV.CV,-,-,sun_letters;gemination,uː[l][ɾ]ُّow[t]ِej[n~]ُ,u:[l][ɾ]ُّow[t]ِej[n~]ُ,success,-
CHAR,الروتين,1-initial,ا,ا,-,1,nucleus,sun_letters;gemination,[ɾ]ُّow,[ɾ]ُّow,-,-
CHAR,الروتين,2-medial,ل,ل,-,1,onset,sun_letters;gemination,[ɾ]ُّow,[ɾ]ُّow,-,-
CHAR,الروتين,3-medial,ر,رُّ,-,2,onset,sun_letters;gemination,[t]ِej,[t]ِej,-,-
CHAR,الروتين,4-medial,و,و,-,2,onset,sun_letters;gemination,[t]ِej,[t]ِej,-,-
CHAR,الروتين,5-medial,ت,تِ,-,2,onset,sun_letters;gemination,[t]ِej,[t]ِej,-,-
CHAR,الروتين,6-medial,ي,ي,-,2,onset,sun_letters;gemination,[t]ِej,[t]ِej,-,-
CHAR,الروتين,7-final,ن,نُ,-,3,onset,sun_letters;gemination,[n~]ُ,[n~]ُ,-,-
WORD,المستمر,-,المستمر,الْمُسْتَمِرُّ,CC.CV.CCV.CV.CV,-,-,gemination,uː[l]ْ[m]ُ[s]ْ[t]َ[m]ِ∅ُّ,u:[l]ْ[m]ُ[s]ْ[t]َ[m]ِ∅ُّ,success,-
CHAR,المستمر,1-initial,ا,ا,-,1,nucleus,gemination,[m]ُ,[m]ُ,-,-
CHAR,المستمر,2-medial,ل,لْ,-,1,onset,gemination,[m]ُ,[m]ُ,-,-
CHAR,المستمر,3-medial,م,مُ,-,1,onset,gemination,[m]ُ,[m]ُ,-,-
CHAR,المستمر,4-medial,س,سْ,-,2,onset,gemination,[s]ْ[t]َ,[s]ْ[t]َ,-,-
CHAR,المستمر,5-medial,ت,تَ,-,2,coda,gemination,[s]ْ[t]َ,[s]ْ[t]َ,-,-
CHAR,المستمر,6-medial,م,مُ,-,3,onset,gemination,[m]ِ,[m]ِ,-,-
CHAR,المستمر,7-final,ر,رُّ,-,3,onset,gemination,[m]ِ,[m]ِ,-,-
WORD,أفقدتها,-,أفقدتها,أَفَقُدْتُهَا,CV.CV.CV.CCV.CVV,-,-,emphatic_spread,[ʔ]َfَ[ʔ]ُdْ[t]ُ∅َuː,[ʔ]َfَ[ʔ]ُdْ[t]ُ∅َu:,success,-
CHAR,أفقدتها,1-initial,أ,أَ,-,1,nucleus,emphatic_spread,fَ,fَ,-,-
CHAR,أفقدتها,2-medial,ف,فَ,-,1,onset,emphatic_spread,fَ,fَ,-,-
CHAR,أفقدتها,3-medial,ق,قُ,-,2,onset,emphatic_spread,[ʔ]ُ,[ʔ]ُ,-,-
CHAR,أفقدتها,4-medial,د,دْ,-,2,onset,emphatic_spread,[ʔ]ُ,[ʔ]ُ,-,-
CHAR,أفقدتها,5-medial,ت,تُ,-,3,coda,emphatic_spread,dْ[t]ُ,dْ[t]ُ,-,-
CHAR,أفقدتها,6-medial,ه,هَ,-,3,onset,emphatic_spread,dْ[t]ُ,dْ[t]ُ,-,-
CHAR,أفقدتها,7-final,ا,ا,-,4,nucleus,emphatic_spread,∅َuː,∅َu:,-,-
WORD,الإحساس,-,الإحساس,الْإِحْسَاسُ,CC.UNKNOWN(CVCCVV).CV,-,-,-,uː[l]ْ∅ِ[h]ْ[s]َuː[s]ُ,u:[l]ْ∅ِ[h]ْ[s]َu:[s]ُ,warning,syl
CHAR,الإحساس,1-initial,ا,ا,-,1,nucleus,-,∅ِ[h]ْ[s]َuː,∅ِ[h]ْ[s]َu:,-,-
CHAR,الإحساس,2-medial,ل,لْ,-,1,onset,-,∅ِ[h]ْ[s]َuː,∅ِ[h]ْ[s]َu:,-,-
CHAR,الإحساس,3-medial,إ,إِ,-,1,nucleus,-,∅ِ[h]ْ[s]َuː,∅ِ[h]ْ[s]َu:,-,-
CHAR,الإحساس,4-medial,ح,حْ,-,2,onset,-,[s]ُ,[s]ُ,-,-
CHAR,الإحساس,5-medial,س,سَ,-,2,onset,-,[s]ُ,[s]ُ,-,-
CHAR,الإحساس,6-medial,ا,ا,-,2,nucleus,-,[s]ُ,[s]ُ,-,-
CHAR,الإحساس,7-final,س,سَ,-,2,onset,-,[s]ُ,[s]ُ,-,-
WORD,بالأمان,-,بالأمان,بِالْأمَانِ,UNKNOWN(CVVCCCVV).CV,-,-,sun_letters,[b]ِuː[l]ْ[ʔ][m]َuː[n~]ِ,[b]ِu:[l]ْ[ʔ][m]َu:[n~]ِ,warning,syl
CHAR,بالأمان,1-initial,ب,بِ,-,1,onset,sun_letters,[n~]ِ,[n~]ِ,-,-
CHAR,بالأمان,2-medial,ا,ا,-,1,nucleus,sun_letters,[n~]ِ,[n~]ِ,-,-
CHAR,بالأمان,3-medial,ل,لْ,-,1,onset,sun_letters,[n~]ِ,[n~]ِ,-,-
CHAR,بالأمان,4-medial,أ,أ,-,1,nucleus,sun_letters,[n~]ِ,[n~]ِ,-,-
CHAR,بالأمان,5-medial,م,مَ,-,1,onset,sun_letters,[n~]ِ,[n~]ِ,-,-
CHAR,بالأمان,6-medial,ا,ا,-,1,nucleus,sun_letters,[n~]ِ,[n~]ِ,-,-
CHAR,بالأمان,7-final,ن,نِ,-,1,onset,sun_letters,[n~]ِ,[n~]ِ,-,-
WORD,والاستقرار,-,والاستقرار,وَالْاِسْتِقْرَارُ,CVV.CCV.UNKNOWN(CCVCCVV).CV,-,-,emphatic_spread;sun_letters,ewَuː[l]ْuːِ[s]ْ[t]ِ[ʔ]ْ[ɾ]َuː∅ُ,ewَu:[l]ْu:ِ[s]ْ[t]ِ[ʔ]ْ[ɾ]َu:∅ُ,warning,syl
CHAR,والاستقرار,1-initial,و,وَ,-,1,onset,emphatic_spread;sun_letters,[l]ْuːِ,[l]ْu:ِ,-,-
CHAR,والاستقرار,2-medial,ا,ا,-,1,nucleus,emphatic_spread;sun_letters,[l]ْuːِ,[l]ْu:ِ,-,-
CHAR,والاستقرار,3-medial,ل,لْ,-,1,onset,emphatic_spread;sun_letters,[l]ْuːِ,[l]ْu:ِ,-,-
CHAR,والاستقرار,4-medial,ا,ا,-,2,nucleus,emphatic_spread;sun_letters,[s]ْ[t]ِ[ʔ]ْ[ɾ]َuː,[s]ْ[t]ِ[ʔ]ْ[ɾ]َu:,-,-
CHAR,والاستقرار,5-medial,س,سْ,-,2,onset,emphatic_spread;sun_letters,[s]ْ[t]ِ[ʔ]ْ[ɾ]َuː,[s]ْ[t]ِ[ʔ]ْ[ɾ]َu:,-,-
CHAR,والاستقرار,6-medial,ت,تِ,-,2,coda,emphatic_spread;sun_letters,[s]ْ[t]ِ[ʔ]ْ[ɾ]َuː,[s]ْ[t]ِ[ʔ]ْ[ɾ]َu:,-,-
CHAR,والاستقرار,7-medial,ق,قْ,-,2,coda,emphatic_spread;sun_letters,[s]ْ[t]ِ[ʔ]ْ[ɾ]َuː,[s]ْ[t]ِ[ʔ]ْ[ɾ]َu:,-,-
CHAR,والاستقرار,8-medial,ر,رَ,-,3,onset,emphatic_spread;sun_letters,∅ُ,∅ُ,-,-
CHAR,والاستقرار,9-medial,ا,ا,-,3,nucleus,emphatic_spread;sun_letters,∅ُ,∅ُ,-,-
CHAR,والاستقرار,10-final,ر,رَ,-,3,onset,emphatic_spread;sun_letters,∅ُ,∅ُ,-,-
WORD,وأدخلتها,-,وأدخلتها,وَأَدْخَلَتْهَا,CV.CV.CCV.UNKNOWN(CVCCVV),-,-,-,ewَ∅َdْ[x]َ[l~]َ[t]ْ∅َuː,ewَ∅َdْ[x]َ[l~]َ[t]ْ∅َu:,warning,syl
CHAR,وأدخلتها,1-initial,و,وَ,-,1,onset,-,∅َ,∅َ,-,-
CHAR,وأدخلتها,2-medial,أ,أَ,-,1,nucleus,-,∅َ,∅َ,-,-
CHAR,وأدخلتها,3-medial,د,دْ,-,2,onset,-,dْ[x]َ,dْ[x]َ,-,-
CHAR,وأدخلتها,4-medial,خ,خَ,-,2,coda,-,dْ[x]َ,dْ[x]َ,-,-
CHAR,وأدخلتها,5-medial,ل,لَ,-,3,onset,-,[l~]َ[t]ْ∅َuː,[l~]َ[t]ْ∅َu:,-,-
CHAR,وأدخلتها,6-medial,ت,تْ,-,3,coda,-,[l~]َ[t]ْ∅َuː,[l~]َ[t]ْ∅َu:,-,-
CHAR,وأدخلتها,7-medial,ه,هَ,-,3,coda,-,[l~]َ[t]ْ∅َuː,[l~]َ[t]ْ∅َu:,-,-
CHAR,وأدخلتها,8-final,ا,ا,-,3,nucleus,-,[l~]َ[t]ْ∅َuː,[l~]َ[t]ْ∅َu:,-,-
WORD,في,-,في,فِي,CVV,-,-,-,[f]ِej,[f]ِej,success,-
CHAR,في,1-initial,ف,فِ,-,1,unknown,-,f,f,-,-
CHAR,في,2-final,ي,ي,-,1,unknown,-,ej,ej,-,-
WORD,حالة,-,حالة,حَالَةٌ,CVV.CVC,-,-,-,[ħ]َuː[l~]َ[æ]ٌ,[X\]َu:[l~]َ[æ]ٌ,success,-
CHAR,حالة,1-initial,ح,حَ,-,1,onset,-,[l~]َ[æ]ٌ,[l~]َ[æ]ٌ,-,-
CHAR,حالة,2-medial,ا,ا,-,1,nucleus,-,[l~]َ[æ]ٌ,[l~]َ[æ]ٌ,-,-
CHAR,حالة,3-medial,ل,لَ,-,1,onset,-,[l~]َ[æ]ٌ,[l~]َ[æ]ٌ,-,-
CHAR,حالة,4-final,ة,ةٌ,-,2,unknown,-,æ,æ,-,-
WORD,من,-,من,مِن,CVC,-,-,-,[m]ِ[n],[m]ِ[n],success,-
CHAR,من,1-initial,م,مِ,-,1,unknown,-,m,m,-,-
CHAR,من,2-final,ن,ن,-,1,unknown,-,n,n,-,-
WORD,الضيق,-,الضيق,الضَّيِّقُ,CC.UNKNOWN(CVVV).CV,-,-,emphatic_spread;sun_letters;gemination,uː[l]dʕَّejِّ[q]ُ,u:[l]dʕَّejِّ[q]ُ,warning,syl
CHAR,الضيق,1-initial,ا,ا,-,1,nucleus,emphatic_spread;sun_letters;gemination,dʕَّejِّ,dʕَّejِّ,-,-
CHAR,الضيق,2-medial,ل,ل,-,1,onset,emphatic_spread;sun_letters;gemination,dʕَّejِّ,dʕَّejِّ,-,-
CHAR,الضيق,3-medial,ض,ضَّ,-,2,onset,emphatic_spread;sun_letters;gemination,[q]ُ,[q]ُ,-,-
CHAR,الضيق,4-medial,ي,يِّ,-,2,onset,emphatic_spread;sun_letters;gemination,[q]ُ,[q]ُ,-,-
CHAR,الضيق,5-final,ق,قُ,-,2,onset,emphatic_spread;sun_letters;gemination,[q]ُ,[q]ُ,-,-
WORD,والحزن,-,والحزن,وَاِلْحَزِنَّ,UNKNOWN(CVVV).CCV.CV.CV,-,-,gemination,ewَuːِ[l]ْ[h]َzِ[n~]َّ,ewَu:ِ[l]ْ[h]َzِ[n~]َّ,warning,syl
CHAR,والحزن,1-initial,و,وَ,-,1,onset,gemination,[l]ْ[h]َ,[l]ْ[h]َ,-,-
CHAR,والحزن,2-medial,ا,اِ,-,1,nucleus,gemination,[l]ْ[h]َ,[l]ْ[h]َ,-,-
CHAR,والحزن,3-medial,ل,لْ,-,1,onset,gemination,[l]ْ[h]َ,[l]ْ[h]َ,-,-
CHAR,والحزن,4-medial,ح,حَ,-,1,coda,gemination,[l]ْ[h]َ,[l]ْ[h]َ,-,-
CHAR,والحزن,5-medial,ز,زِ,-,2,onset,gemination,zِ,zِ,-,-
CHAR,والحزن,6-final,ن,نَّ,-,2,onset,gemination,zِ,zِ,-,-
WORD,لتختتم,-,لتختتم,لِتَخْتَتِمُ,CV.CV.CCV.CV.CV,-,-,-,[l]ِ[t]َ[x]ْ[t]َ[t]ِ[m]ُ,[l]ِ[t]َ[x]ْ[t]َ[t]ِ[m]ُ,success,-
CHAR,لتختتم,1-initial,ل,لِ,-,1,onset,-,[t]َ,[t]َ,-,-
CHAR,لتختتم,2-medial,ت,تَ,-,1,onset,-,[t]َ,[t]َ,-,-
CHAR,لتختتم,3-medial,خ,خْ,-,2,onset,-,[x]ْ[t]َ,[x]ْ[t]َ,-,-
CHAR,لتختتم,4-medial,ت,تَ,-,2,coda,-,[x]ْ[t]َ,[x]ْ[t]َ,-,-
CHAR,لتختتم,5-medial,ت,تَ,-,3,onset,-,[t]ِ,[t]ِ,-,-
CHAR,لتختتم,6-final,م,مُ,-,3,onset,-,[t]ِ,[t]ِ,-,-
WORD,دعواها,-,دعواها,دَعَوَاهَا,CV.UNKNOWN(CVVVV).CVV,-,-,-,[d]َʔَowَuː∅َuː,[d]َʔَowَu:∅َu:,warning,syl
CHAR,دعواها,1-initial,د,دَ,-,1,onset,-,ʔَowَuː,ʔَowَu:,-,-
CHAR,دعواها,2-medial,ع,عَ,-,1,onset,-,ʔَowَuː,ʔَowَu:,-,-
CHAR,دعواها,3-medial,و,وَ,-,2,onset,-,∅َuː,∅َu:,-,-
CHAR,دعواها,4-medial,ا,ا,-,2,nucleus,-,∅َuː,∅َu:,-,-
CHAR,دعواها,5-medial,ه,هَ,-,2,onset,-,∅َuː,∅َu:,-,-
CHAR,دعواها,6-final,ا,ا,-,2,nucleus,-,∅َuː,∅َu:,-,-
WORD,بالقول,-,بالقول,بِالْقَوْلِ,UNKNOWN(CVVCCVV).CV,-,-,emphatic_spread;sun_letters,[b]ِuː[l]ْ[ʔ]َewْ[l~]ِ,[b]ِu:[l]ْ[ʔ]َewْ[l~]ِ,warning,syl
CHAR,بالقول,1-initial,ب,بِ,-,1,onset,emphatic_spread;sun_letters,ْ[l~]ِ,ْ[l~]ِ,-,-
CHAR,بالقول,2-medial,ا,ا,-,1,nucleus,emphatic_spread;sun_letters,ْ[l~]ِ,ْ[l~]ِ,-,-
CHAR,بالقول,3-medial,ل,لْ,-,1,coda,emphatic_spread;sun_letters,ْ[l~]ِ,ْ[l~]ِ,-,-
CHAR,بالقول,4-medial,ق,قَ,-,1,onset,emphatic_spread;sun_letters,ْ[l~]ِ,ْ[l~]ِ,-,-
CHAR,بالقول,5-medial,و,وْ,-,1,onset,emphatic_spread;sun_letters,ْ[l~]ِ,ْ[l~]ِ,-,-
CHAR,بالقول,6-final,ل,لْ,-,1,coda,emphatic_spread;sun_letters,ْ[l~]ِ,ْ[l~]ِ,-,-
WORD,الجواز,-,الجواز,الْجَوَازُ,CC.UNKNOWN(CVVVV).CV,-,-,-,uː[l]ْʒَowَuːðُ,u:[l]ْZَowَu:Dُ,warning,syl
CHAR,الجواز,1-initial,ا,ا,-,1,nucleus,-,ʒَowَuː,Zَowَu:,-,-
CHAR,الجواز,2-medial,ل,لْ,-,1,onset,-,ʒَowَuː,Zَowَu:,-,-
CHAR,الجواز,3-medial,ج,جَ,-,1,onset,-,ʒَowَuː,Zَowَu:,-,-
CHAR,الجواز,4-medial,و,وَ,-,2,onset,-,ðُ,Dُ,-,-
CHAR,الجواز,5-medial,ا,ا,-,2,nucleus,-,ðُ,Dُ,-,-
CHAR,الجواز,6-final,ز,زُ,-,2,onset,-,ðُ,Dُ,-,-
WORD,مشاركة,-,مشاركة,مُشَارَكَةٌ,CV.CVV.CV.CVC,-,-,-,[m]ُ[ʃ]َuː[ɾ]َ[k]َ[æ]ٌ,[m]ُ[S]َu:[ɾ]َ[k]َ[æ]ٌ,success,-
CHAR,مشاركة,1-initial,م,مُ,-,1,onset,-,[ʃ]َuː,[S]َu:,-,-
CHAR,مشاركة,2-medial,ش,شَ,-,1,onset,-,[ʃ]َuː,[S]َu:,-,-
CHAR,مشاركة,3-medial,ا,ا,-,2,nucleus,-,[ɾ]َ,[ɾ]َ,-,-
CHAR,مشاركة,4-medial,ر,رَ,-,2,onset,-,[ɾ]َ,[ɾ]َ,-,-
CHAR,مشاركة,5-medial,ك,كَ,-,2,onset,-,[ɾ]َ,[ɾ]َ,-,-
CHAR,مشاركة,6-final,ة,ةٌ,-,3,nucleus,-,[k]َ[æ]ٌ,[k]َ[æ]ٌ,-,-
WORD,مش,-,مش,مَشَّ,CV.CV,-,-,gemination,[m]َ[ʃ]َّ,[m]َ[S]َّ,success,-
CHAR,مش,1-initial,م,مَ,-,1,onset,gemination,[ʃ]َّ,[S]َّ,-,-
CHAR,مش,2-final,ش,شَّ,-,1,onset,gemination,[ʃ]َّ,[S]َّ,-,-
WORD,جدول,-,جدول,جَدْوَلٌ,CV.UNKNOWN(CCVC),-,-,-,ʒَ[d]ْowَ[l~]ٌ,Zَ[d]ْowَ[l~]ٌ,warning,syl
CHAR,جدول,1-initial,ج,جَ,-,1,onset,-,[d]ْowَ[l~]ٌ,[d]ْowَ[l~]ٌ,-,-
CHAR,جدول,2-medial,د,دْ,-,1,onset,-,[d]ْowَ[l~]ٌ,[d]ْowَ[l~]ٌ,-,-
CHAR,جدول,3-medial,و,وَ,-,2,unknown,-,ew,ew,-,-
CHAR,جدول,4-final,ل,لٌ,-,2,unknown,-,l,l,-,-
WORD,ثابت,-,ثابت,ثَابِتٌ,CVV.CVC,-,-,-,tَuː[b]ِ[t]ٌ,tَu:[b]ِ[t]ٌ,success,-
CHAR,ثابت,1-initial,ث,ثَ,-,1,onset,-,[b]ِ[t]ٌ,[b]ِ[t]ٌ,-,-
CHAR,ثابت,2-medial,ا,ا,-,1,nucleus,-,[b]ِ[t]ٌ,[b]ِ[t]ٌ,-,-
CHAR,ثابت,3-medial,ب,بِ,-,1,onset,-,[b]ِ[t]ٌ,[b]ِ[t]ٌ,-,-
CHAR,ثابت,4-final,ت,تٌ,-,2,unknown,-,t,t,-,-
WORD,ولما,-,ولما,ولَمَّا,CCV.CVV,-,-,gemination,ew[l]َ[m]َّuː,ew[l]َ[m]َّu:,success,-
CHAR,ولما,1-initial,و,و,-,1,onset,gemination,[m]َّuː,[m]َّu:,-,-
CHAR,ولما,2-medial,ل,لَ,-,1,onset,gemination,[m]َّuː,[m]َّu:,-,-
CHAR,ولما,3-medial,م,مَّ,-,1,onset,gemination,[m]َّuː,[m]َّu:,-,-
CHAR,ولما,4-final,ا,ا,-,2,unknown,gemination,uː,u:,-,-
WORD,حياتك,-,حياتك,حَيَاتُكَ,UNKNOWN(CVVVV).CV.CV,-,-,-,[ħ]َejَuː[t]ُ[k]َ,[X\]َejَu:[t]ُ[k]َ,warning,syl
CHAR,حياتك,1-initial,ح,حَ,-,1,onset,-,[t]ُ,[t]ُ,-,-
CHAR,حياتك,2-medial,ي,يَ,-,1,onset,-,[t]ُ,[t]ُ,-,-
CHAR,حياتك,3-medial,ا,ا,-,1,nucleus,-,[t]ُ,[t]ُ,-,-
CHAR,حياتك,4-medial,ت,تُ,-,1,onset,-,[t]ُ,[t]ُ,-,-
CHAR,حياتك,5-final,ك,كَ,-,1,onset,-,[t]ُ,[t]ُ,-,-
WORD,تتقفل,-,تتقفل,تتقفل,UNKNOWN,-,-,-,,,error,"diac,syl,ipa"
CHAR,تتقفل,1-initial,ت,ت,-,0,unknown,-,t,t,-,-
CHAR,تتقفل,2-medial,ت,ت,-,0,unknown,-,t,t,-,-
CHAR,تتقفل,3-medial,ق,ق,-,0,unknown,-,q,q,-,-
CHAR,تتقفل,4-medial,ف,ف,-,0,unknown,-,f,f,-,-
CHAR,تتقفل,5-final,ل,ل,-,0,unknown,-,l,l,-,-
WORD,على,-,على,عَلَى,CV.CVC,-,-,-,[ʕ]َ[l~]َuː,[ʕ]َ[l~]َu:,success,-
CHAR,على,1-initial,ع,عَ,-,1,onset,-,[l~]َuː,[l~]َu:,-,-
CHAR,على,2-medial,ل,لَ,-,1,onset,-,[l~]َuː,[l~]َu:,-,-
CHAR,على,3-final,ى,ى,-,2,unknown,-,uː,u:,-,-
WORD,روتين,-,روتين,رُوتِينٌ,CVV.CVVC,-,-,-,[ɾ]ُew[t]ِej[n~]ٌ,[ɾ]ُew[t]ِej[n~]ٌ,success,-
CHAR,روتين,1-initial,ر,رُ,-,1,onset,-,[t]ِej[n~]ٌ,[t]ِej[n~]ٌ,-,-
CHAR,روتين,2-medial,و,و,-,1,onset,-,[t]ِej[n~]ٌ,[t]ِej[n~]ٌ,-,-
CHAR,روتين,3-medial,ت,تِ,-,1,onset,-,[t]ِej[n~]ٌ,[t]ِej[n~]ٌ,-,-
CHAR,روتين,4-medial,ي,ي,-,2,unknown,-,ej,ej,-,-
CHAR,روتين,5-final,ن,نٌ,-,2,unknown,-,n,n,-,-
WORD,واحد,-,واحد,وَاحِدٌ,CVV.CVC,-,-,-,ewَuː[ħ]ِ[d]ٌ,ewَu:[X\]ِ[d]ٌ,success,-
CHAR,واحد,1-initial,و,وَ,-,1,onset,-,[ħ]ِ[d]ٌ,[X\]ِ[d]ٌ,-,-
CHAR,واحد,2-medial,ا,ا,-,1,nucleus,-,[ħ]ِ[d]ٌ,[X\]ِ[d]ٌ,-,-
CHAR,واحد,3-medial,ح,حِ,-,1,onset,-,[ħ]ِ[d]ٌ,[X\]ِ[d]ٌ,-,-
CHAR,واحد,4-final,د,دٌ,-,2,unknown,-,d,d,-,-
WORD,بتحس,-,بتحس,بِتَحَسٍّ,CV.CV.CVC,-,-,gemination,[b]ِ[t]َ[ħ]َ[s]ٍّ,[b]ِ[t]َ[X\]َ[s]ٍّ,success,-
CHAR,بتحس,1-initial,ب,بِ,-,1,onset,gemination,[t]َ,[t]َ,-,-
CHAR,بتحس,2-medial,ت,تَ,-,1,onset,gemination,[t]َ,[t]َ,-,-
CHAR,بتحس,3-medial,ح,حَ,-,2,onset,gemination,[ħ]َ[s]ٍّ,[X\]َ[s]ٍّ,-,-
CHAR,بتحس,4-final,س,سٍّ,-,2,coda,gemination,[ħ]َ[s]ٍّ,[X\]َ[s]ٍّ,-,-
WORD,إنك,-,إنك,إِنّكَ,CV.CCV,-,-,gemination,[ʔ]ِ[n~]ّ[k]َ,[ʔ]ِ[n~]ّ[k]َ,success,-
CHAR,إنك,1-initial,إ,إِ,-,1,nucleus,gemination,[n~]ّ[k]َ,[n~]ّ[k]َ,-,-
CHAR,إنك,2-medial,ن,نّ,-,1,onset,gemination,[n~]ّ[k]َ,[n~]ّ[k]َ,-,-
CHAR,إنك,3-final,ك,كَ,-,2,unknown,gemination,k,k,-,-
WORD,مخنوق,-,مخنوق,مَخْنُوقٌ,UNKNOWN(CVCCVVC),-,-,emphatic_spread,[m]َ[x]ْ[n]ُew[ʔ]ٌ,[m]َ[x]ْ[n]ُew[ʔ]ٌ,warning,syl
CHAR,مخنوق,1-initial,م,مَ,-,1,unknown,emphatic_spread,m,m,-,-
CHAR,مخنوق,2-medial,خ,خْ,-,1,unknown,emphatic_spread,x,x,-,-
CHAR,مخنوق,3-medial,ن,نُ,-,1,unknown,emphatic_spread,n,n,-,-
CHAR,مخنوق,4-medial,و,و,-,1,unknown,emphatic_spread,ew,ew,-,-
CHAR,مخنوق,5-final,ق,قٌ,-,1,unknown,emphatic_spread,q,q,-,-
WORD,وحملت,-,وحملت,وَحَمَلَتْ,CV.CV.CV.CVC,-,-,-,ewَ[h]َ[m]َ[l~]َ[t]ْ,ewَ[h]َ[m]َ[l~]َ[t]ْ,success,-
CHAR,وحملت,1-initial,و,وَ,-,1,onset,-,[h]َ,[h]َ,-,-
CHAR,وحملت,2-medial,ح,حَ,-,1,onset,-,[h]َ,[h]َ,-,-
CHAR,وحملت,3-medial,م,مَ,-,2,onset,-,[m]َ,[m]َ,-,-
CHAR,وحملت,4-medial,ل,لَ,-,2,onset,-,[m]َ,[m]َ,-,-
CHAR,وحملت,5-final,ت,تْ,-,3,coda,-,[l~]َ[t]ْ,[l~]َ[t]ْ,-,-
WORD,الدعوى,-,الدعوى,الدَّعْوَى,CC.CV.UNKNOWN(CCVC),-,-,sun_letters;gemination,uː[l]dَّ[ʕ]ْowَuː,u:[l]dَّ[ʕ]ْowَu:,warning,syl
CHAR,الدعوى,1-initial,ا,ا,-,1,nucleus,sun_letters;gemination,dَّ,dَّ,-,-
CHAR,الدعوى,2-medial,ل,ل,-,1,onset,sun_letters;gemination,dَّ,dَّ,-,-
CHAR,الدعوى,3-medial,د,دَّ,-,2,onset,sun_letters;gemination,[ʕ]ْowَuː,[ʕ]ْowَu:,-,-
CHAR,الدعوى,4-medial,ع,عْ,-,2,onset,sun_letters;gemination,[ʕ]ْowَuː,[ʕ]ْowَu:,-,-
CHAR,الدعوى,5-medial,و,وَ,-,2,coda,sun_letters;gemination,[ʕ]ْowَuː,[ʕ]ْowَu:,-,-
CHAR,الدعوى,6-final,ى,ى,-,3,unknown,sun_letters;gemination,uː,u:,-,-
WORD,رقم,-,رقم,رَقْمٌ,CVC,-,-,emphatic_spread,[ɾ]َ[ʔ]ْ[m]ٌ,[ɾ]َ[ʔ]ْ[m]ٌ,success,-
CHAR,رقم,1-initial,ر,رَ,-,1,unknown,emphatic_spread,ɾ,ɾ,-,-
CHAR,رقم,2-medial,ق,قْ,-,1,unknown,emphatic_spread,q,q,-,-
CHAR,رقم,3-final,م,مٌ,-,1,unknown,emphatic_spread,m,m,-,-
WORD,لسنة,-,لسنة,لِسَنَةٌ,CV.CV.CVC,-,-,-,[l]ِ[s]َ[n~]َ[æ]ٌ,[l]ِ[s]َ[n~]َ[æ]ٌ,success,-
CHAR,لسنة,1-initial,ل,لِ,-,1,onset,-,[s]َ,[s]َ,-,-
CHAR,لسنة,2-medial,س,سَ,-,1,onset,-,[s]َ,[s]َ,-,-
CHAR,لسنة,3-medial,ن,نَ,-,2,onset,-,[n~]َ[æ]ٌ,[n~]َ[æ]ٌ,-,-
CHAR,لسنة,4-final,ة,ةٌ,-,2,nucleus,-,[n~]َ[æ]ٌ,[n~]َ[æ]ٌ,-,-
WORD,ولا,-,ولا,ولا,UNKNOWN,-,-,-,,,error,"diac,syl,ipa"
CHAR,ولا,1-initial,و,و,-,0,unknown,-,ew,ew,-,-
CHAR,ولا,2-medial,ل,ل,-,0,unknown,-,l,l,-,-
CHAR,ولا,3-final,ا,ا,-,0,unknown,-,uː,u:,-,-
WORD,تزال,-,تزال,تُزَالُ,CV.CVV.CV,-,-,-,[tʕ]ُzَuː[l~]ُ,[tʕ]ُzَu:[l~]ُ,success,-
CHAR,تزال,1-initial,ت,تُ,-,1,onset,-,zَuː,zَu:,-,-
CHAR,تزال,2-medial,ز,زَ,-,1,onset,-,zَuː,zَu:,-,-
CHAR,تزال,3-medial,ا,ا,-,2,nucleus,-,[l~]ُ,[l~]ُ,-,-
CHAR,تزال,4-final,ل,لُ,-,2,onset,-,[l~]ُ,[l~]ُ,-,-
WORD,منظورة,-,منظورة,مَنْظُورَةٌ,UNKNOWN(CVCCVV).CVC,-,-,emphatic_spread,[m]َ[n]ْ[zʕ]ُew∅َ[æ]ٌ,[m]َ[n]ْ[zʕ]ُew∅َ[æ]ٌ,warning,syl
CHAR,منظورة,1-initial,م,مَ,-,1,onset,emphatic_spread,∅َ[æ]ٌ,∅َ[æ]ٌ,-,-
CHAR,منظورة,2-medial,ن,نْ,-,1,onset,emphatic_spread,∅َ[æ]ٌ,∅َ[æ]ٌ,-,-
CHAR,منظورة,3-medial,ظ,ظُ,-,1,onset,emphatic_spread,∅َ[æ]ٌ,∅َ[æ]ٌ,-,-
CHAR,منظورة,4-medial,و,و,-,1,onset,emphatic_spread,∅َ[æ]ٌ,∅َ[æ]ٌ,-,-
CHAR,منظورة,5-medial,ر,رَ,-,1,onset,emphatic_spread,∅َ[æ]ٌ,∅َ[æ]ٌ,-,-
CHAR,منظورة,6-final,ة,ةٌ,-,1,nucleus,emphatic_spread,∅َ[æ]ٌ,∅َ[æ]ٌ,-,-
WORD,أمام,-,أمام,أَمَامَ,CV.CVV.CV,-,-,-,[ʔ]َ[m]َuː[m]َ,[ʔ]َ[m]َu:[m]َ,success,-
CHAR,أمام,1-initial,أ,أَ,-,1,nucleus,-,[m]َuː,[m]َu:,-,-
CHAR,أمام,2-medial,م,مَ,-,1,onset,-,[m]َuː,[m]َu:,-,-
CHAR,أمام,3-medial,ا,ا,-,2,nucleus,-,[m]َ,[m]َ,-,-
CHAR,أمام,4-final,م,مَ,-,2,onset,-,[m]َ,[m]َ,-,-
WORD,المحكمة,-,المحكمة,الْمَحْكَمَةُ,CC.CV.CCV.CV.CV,-,-,-,uː[l]ْ[m]َ[h]ْ[k͡x]َ[m]َ[æ]ُ,u:[l]ْ[m]َ[h]ْ[k͡x]َ[m]َ[æ]ُ,success,-
CHAR,المحكمة,1-initial,ا,ا,-,1,nucleus,-,[m]َ,[m]َ,-,-
CHAR,المحكمة,2-medial,ل,لْ,-,1,onset,-,[m]َ,[m]َ,-,-
CHAR,المحكمة,3-medial,م,مَ,-,1,onset,-,[m]َ,[m]َ,-,-
CHAR,المحكمة,4-medial,ح,حْ,-,2,onset,-,[h]ْ[k͡x]َ,[h]ْ[k͡x]َ,-,-
CHAR,المحكمة,5-medial,ك,كَ,-,2,coda,-,[h]ْ[k͡x]َ,[h]ْ[k͡x]َ,-,-
CHAR,المحكمة,6-medial,م,مَ,-,3,onset,-,[m]َ,[m]َ,-,-
CHAR,المحكمة,7-final,ة,ةُ,-,3,nucleus,-,[m]َ,[m]َ,-,-
WORD,ولم,-,ولم,ولَم,UNKNOWN(CCVC),-,-,-,ew[l]َ[m],ew[l]َ[m],warning,syl
CHAR,ولم,1-initial,و,و,-,1,unknown,-,ew,ew,-,-
CHAR,ولم,2-medial,ل,لَ,-,1,unknown,-,l,l,-,-
CHAR,ولم,3-final,م,م,-,1,unknown,-,m,m,-,-
WORD,يُفصل,-,يُفصل,يُفَصِّلُ,CV.CV.CV.CV,-,-,emphatic_spread;gemination,ejُfَ[sʕ]ِّ[l~]ُ,ejُfَ[sʕ]ِّ[l~]ُ,success,-
CHAR,يُفصل,1-initial,ي,يُ,-,1,onset,emphatic_spread;gemination,fَ,fَ,-,-
CHAR,يُفصل,2-medial,ُ,ُ,-,1,nucleus,emphatic_spread;gemination,fَ,fَ,-,-
CHAR,يُفصل,3-medial,ف,فَ,-,2,onset,emphatic_spread;gemination,[sʕ]ِّ,[sʕ]ِّ,-,-
CHAR,يُفصل,4-medial,ص,صِّ,-,2,onset,emphatic_spread;gemination,[sʕ]ِّ,[sʕ]ِّ,-,-
CHAR,يُفصل,5-final,ل,لُ,-,3,onset,emphatic_spread;gemination,[l~]ُ,[l~]ُ,-,-
WORD,فيها,-,فيها,فِيهَا,CVV.CVV,-,-,-,[f]ِej∅َuː,[f]ِej∅َu:,success,-
CHAR,فيها,1-initial,ف,فِ,-,1,onset,-,∅َuː,∅َu:,-,-
CHAR,فيها,2-medial,ي,ي,-,1,onset,-,∅َuː,∅َu:,-,-
CHAR,فيها,3-medial,ه,هَ,-,1,onset,-,∅َuː,∅َu:,-,-
CHAR,فيها,4-final,ا,ا,-,2,unknown,-,uː,u:,-,-
WORD,حتى,-,حتى,حَتَّى,CV.CVC,-,-,gemination,[ħ]َ[t]َّuː,[X\]َ[t]َّu:,success,-
CHAR,حتى,1-initial,ح,حَ,-,1,onset,gemination,[t]َّuː,[t]َّu:,-,-
CHAR,حتى,2-medial,ت,تَّ,-,1,onset,gemination,[t]َّuː,[t]َّu:,-,-
CHAR,حتى,3-final,ى,ى,-,2,unknown,gemination,uː,u:,-,-
WORD,الآن,-,الآن,الْآن,UNKNOWN(CCCC),-,-,-,uː[l]ْuː[n],u:[l]ْu:[n],warning,syl
CHAR,الآن,1-initial,ا,ا,-,1,unknown,-,uː,u:,-,-
CHAR,الآن,2-medial,ل,لْ,-,1,unknown,-,l,l,-,-
CHAR,الآن,3-medial,آ,آ,-,1,unknown,-,uː,u:,-,-
CHAR,الآن,4-final,ن,ن,-,1,unknown,-,n,n,-,-
